soru,cevap,dönem
"1299 yılında Osmanlı Beyliği nerede bağımsızlığını ilan etti?","1299 yılında Osmanlı Beyliği Söğüt'te Osman Gazi tarafından bağımsızlığını ilan etti.",kuruluş
"Osman Gazi devletini ne zaman ve nerede kurdu?","1299 yılında Osmanlı Beyliği Söğüt'te Osman Gazi tarafından bağımsızlığını ilan etti.",kuruluş
"Osmanlı Devleti'nin kuruluş yılı ve yeri nedir?","1299 yılında Osmanlı Beyliği Söğüt'te Osman Gazi tarafından bağımsızlığını ilan etti.",kuruluş
"Kuruluş tarihi ve yeri hakkında bilgi verir misin?","1299 yılında Osmanlı Beyliği Söğüt'te Osman Gazi tarafından bağımsızlığını ilan etti.",kuruluş
"1300 yılında hangi kaleler fethedildi?","1300 yılında Yundhisar, Köprühisar ve Yenişehir kaleleri fethedildi.",kuruluş
"Yundhisar, Köprühisar ve Yenişehir ne zaman Osmanlı toprağı oldu?","1300 yılında Yundhisar, Köprühisar ve Yenişehir kaleleri fethedildi.",kuruluş
"1300 yılında hangi fetihler gerçekleşti?","1300 yılında Yundhisar, Köprühisar ve Yenişehir kaleleri fethedildi.",kuruluş
"1300 yılındaki fetihler hakkında bilgi verir misin?","1300 yılında Yundhisar, Köprühisar ve Yenişehir kaleleri fethedildi.",kuruluş
"Osmanlıların ilk başkenti neresi oldu ve hangi yılda?","1300 yılında Yenişehir başkent yapıldı.",kuruluş
"Yenişehir hangi tarihte başkent oldu?","1300 yılında Yenişehir başkent yapıldı.",kuruluş
"Osmanlı Devleti'nin ilk başkenti neresidir?","1300 yılında Yenişehir başkent yapıldı.",kuruluş
"Yenişehir'in başkent oluşu hakkında bilgi verir misin?","1300 yılında Yenişehir başkent yapıldı.",kuruluş
"İlk Bizans-Osmanlı savaşı hangisidir ve sonucu ne olmuştur?","1302 yılındaki Koyunhisar (Bafeus) Muharebesi'nde Osman Gazi Bizans'ı mağlup etti.",kuruluş
"Osman Gazi Bizans'a karşı ilk büyük zaferini hangi savaşta kazandı?","1302 yılındaki Koyunhisar (Bafeus) Muharebesi'nde Osman Gazi Bizans'ı mağlup etti.",kuruluş
"Koyunhisar Muharebesi ne zaman yapıldı ve kim kazandı?","1302 yılındaki Koyunhisar (Bafeus) Muharebesi'nde Osman Gazi Bizans'ı mağlup etti.",kuruluş
"Bizans-Osmanlı savaşlarının ilki hakkında bilgi verir misin?","1302 yılındaki Koyunhisar (Bafeus) Muharebesi'nde Osman Gazi Bizans'ı mağlup etti.",kuruluş
"Osmanlılar İznik'i hangi yılda kuşattı ve hangi kaleyi fethetti?","1303 yılında İznik kuşatıldı ve Marmaracık Kalesi fethedildi.",kuruluş
"1303 yılında Osmanlılar hangi iki önemli harekâtı gerçekleştirdi?","1303 yılında İznik kuşatıldı ve Marmaracık Kalesi fethedildi.",kuruluş
"İznik kuşatması ve Marmaracık fethi ne zaman oldu?","1303 yılında İznik kuşatıldı ve Marmaracık Kalesi fethedildi.",kuruluş
"1303 yılındaki askeri faaliyetler hakkında bilgi verir misin?","1303 yılında İznik kuşatıldı ve Marmaracık Kalesi fethedildi.",kuruluş
"1304 yılında hangi yerler Osmanlı topraklarına katıldı?","1304 yılında Akhisar, Mekece ve Geyve ele geçirildi.",kuruluş
"Akhisar, Mekece ve Geyve ne zaman Osmanlı egemenliğine girdi?","1304 yılında Akhisar, Mekece ve Geyve ele geçirildi.",kuruluş
"1304 yılındaki fetihler nelerdir?","1304 yılında Akhisar, Mekece ve Geyve ele geçirildi.",kuruluş
"1304 yılındaki toprak kazanımları hakkında bilgi verir misin?","1304 yılında Akhisar, Mekece ve Geyve ele geçirildi.",kuruluş
"Dimbos zaferi sonucunda hangi kaleler fethedildi?","1306 yılında Dimbos zaferi sonucunda Kestel, Kete ve Ulubad kaleleri fethedildi.",kuruluş
"Kestel, Kete ve Ulubad kaleleri hangi savaştan sonra Osmanlılara geçti?","1306 yılında Dimbos zaferi sonucunda Kestel, Kete ve Ulubad kaleleri fethedildi.",kuruluş
"Dimbos Muharebesi ne zaman kazanıldı ve sonuçları nelerdi?","1306 yılında Dimbos zaferi sonucunda Kestel, Kete ve Ulubad kaleleri fethedildi.",kuruluş
"Dimbos zaferi hakkında bilgi verir misin?","1306 yılında Dimbos zaferi sonucunda Kestel, Kete ve Ulubad kaleleri fethedildi.",kuruluş
"Osmanlıların yaptığı ilk askeri antlaşma hangi yılda yapıldı?","1306 yılında ilk askeri antlaşma yapıldı.",kuruluş
"İlk askeri antlaşma ne zaman imzalandı?","1306 yılında ilk askeri antlaşma yapıldı.",kuruluş
"Osmanlı tarihindeki ilk askeri antlaşma hakkında bilgi verir misin?","1306 yılında ilk askeri antlaşma yapıldı.",kuruluş
"Hangi yıl Osmanlılar ilk askeri antlaşmayı yaptı?","1306 yılında ilk askeri antlaşma yapıldı.",kuruluş
"1307 yılında Osmanlılar hangi iki faaliyeti gerçekleştirdi?","1307 yılında İznik sıkıştırıldı ve Yalova akını düzenlendi.",kuruluş
"İznik'in sıkıştırılması ve Yalova akını ne zaman oldu?","1307 yılında İznik sıkıştırıldı ve Yalova akını düzenlendi.",kuruluş
"1307 yılındaki askeri hareketler nelerdir?","1307 yılında İznik sıkıştırıldı ve Yalova akını düzenlendi.",kuruluş
"1307 yılında ne yapıldı?","1307 yılında İznik sıkıştırıldı ve Yalova akını düzenlendi.",kuruluş
"Ulubat gölü üzerindeki Alyos adası nasıl ve ne zaman Osmanlı toprağı oldu?","1308 yılında Ulubat gölü üzerindeki Alyos adası, Aygut Alp'in oğlu Kara Ali tarafından barış yoluyla teslim alındı.",kuruluş
"Alyos adasını kim teslim aldı ve hangi yılda?","1308 yılında Ulubat gölü üzerindeki Alyos adası, Aygut Alp'in oğlu Kara Ali tarafından barış yoluyla teslim alındı.",kuruluş
"1308 yılında hangi ada barış yoluyla alındı?","1308 yılında Ulubat gölü üzerindeki Alyos adası, Aygut Alp'in oğlu Kara Ali tarafından barış yoluyla teslim alındı.",kuruluş
"Alyos adasının fethi hakkında bilgi verir misin?","1308 yılında Ulubat gölü üzerindeki Alyos adası, Aygut Alp'in oğlu Kara Ali tarafından barış yoluyla teslim alındı.",kuruluş
"Köse Mihal kimdir ve ne yapmıştır?","1313 yılında Harmankaya Tekfuru Köse Mihal Müslüman olarak kalesi ve taraftarları ile birlikte Osmanlılara katıldı.",kuruluş
"Harmankaya Tekfuru Köse Mihal hangi yılda Müslüman oldu?","1313 yılında Harmankaya Tekfuru Köse Mihal Müslüman olarak kalesi ve taraftarları ile birlikte Osmanlılara katıldı.",kuruluş
"Köse Mihal'in Osmanlılara katılması hakkında bilgi verir misin?","1313 yılında Harmankaya Tekfuru Köse Mihal Müslüman olarak kalesi ve taraftarları ile birlikte Osmanlılara katıldı.",kuruluş
"Bir Bizans tekfurunun Osmanlı saflarına katılması olayı nedir?","1313 yılında Harmankaya Tekfuru Köse Mihal Müslüman olarak kalesi ve taraftarları ile birlikte Osmanlılara katıldı.",kuruluş
"1320 yılında Osman Gazi'nin rahatsızlığı nedeniyle yönetimi kim devraldı?","1320 yılında Osman Gazi'nin rahatsızlığı nedeniyle oğlu Orhan Bey yönetimi ele aldı.",kuruluş
"Osman Gazi hastalanınca yerine kim geçti?","1320 yılında Osman Gazi'nin rahatsızlığı nedeniyle oğlu Orhan Bey yönetimi ele aldı.",kuruluş
"1320'de Osmanlı yönetiminde ne değişti?","1320 yılında Osman Gazi'nin rahatsızlığı nedeniyle oğlu Orhan Bey yönetimi ele aldı.",kuruluş
"Orhan Bey ne zaman idareyi ele aldı?","1320 yılında Osman Gazi'nin rahatsızlığı nedeniyle oğlu Orhan Bey yönetimi ele aldı.",kuruluş
"1321 yılında hangi iki önemli liman kenti fethedildi?","1321 yılında Gemlik ve Mudanya'nın fethi gerçekleşti.",kuruluş
"Gemlik ve Mudanya ne zaman Osmanlı toprağı oldu?","1321 yılında Gemlik ve Mudanya'nın fethi gerçekleşti.",kuruluş
"1321 yılındaki fetihler nelerdir?","1321 yılında Gemlik ve Mudanya'nın fethi gerçekleşti.",kuruluş
"Gemlik ve Mudanya'nın fethi hakkında bilgi verir misin?","1321 yılında Gemlik ve Mudanya'nın fethi gerçekleşti.",kuruluş
"1324 yılında hangi bölgeler Osmanlı topraklarına katıldı?","1324 yılında Umur-Han Beyliği elindeki Akyazı ve İmralı Adası fethedildi.",kuruluş
"Akyazı ve İmralı Adası ne zaman fethedildi?","1324 yılında Umur-Han Beyliği elindeki Akyazı ve İmralı Adası fethedildi.",kuruluş
"1324 yılındaki fetihler hakkında bilgi verir misin?","1324 yılında Umur-Han Beyliği elindeki Akyazı ve İmralı Adası fethedildi.",kuruluş
"İmralı Adası'nın fethi hangi yılda oldu?","1324 yılında Umur-Han Beyliği elindeki Akyazı ve İmralı Adası fethedildi.",kuruluş
"Osman Gazi ne zaman vefat etti ve yerine kim geçti?","1326 yılında Osman Gazi vefat etti ve yerine oğlu Orhan Gazi tahta geçti.",kuruluş
"Osman Gazi'nin ölüm tarihi ve halefi kimdir?","1326 yılında Osman Gazi vefat etti ve yerine oğlu Orhan Gazi tahta geçti.",kuruluş
"1326 yılında Osmanlı tahtında ne değişti?","1326 yılında Osman Gazi vefat etti ve yerine oğlu Orhan Gazi tahta geçti.",kuruluş
"Osman Gazi'nin vefatı ve Orhan Gazi'nin tahta geçişi hakkında bilgi verir misin?","1326 yılında Osman Gazi vefat etti ve yerine oğlu Orhan Gazi tahta geçti.",kuruluş
"Bursa hangi yılda ve kim tarafından fethedildi?","1326 yılında Bursa Osmanlılar tarafından alındı.",kuruluş
"Bursa'nın fethi ne zaman gerçekleşti?","1326 yılında Bursa Osmanlılar tarafından alındı.",kuruluş
"Osmanlılar Bursa'yı kaç yılında aldı?","1326 yılında Bursa Osmanlılar tarafından alındı.",kuruluş
"Bursa'nın alınışı hakkında bilgi verir misin?","1326 yılında Bursa Osmanlılar tarafından alındı.",kuruluş
"İlk Osmanlı gümüş akçası ne zaman ve kim tarafından bastırıldı?","1327 yılında Orhan Gazi tarafından bilinen ilk gümüş akçe bastırıldı.",kuruluş
"Orhan Gazi hangi yılda akçe bastırdı?","1327 yılında Orhan Gazi tarafından bilinen ilk gümüş akçe bastırıldı.",kuruluş
"Osmanlı para sisteminin temeli ne zaman atıldı?","1327 yılında Orhan Gazi tarafından bilinen ilk gümüş akçe bastırıldı.",kuruluş
"İlk gümüş akçe hakkında bilgi verir misin?","1327 yılında Orhan Gazi tarafından bilinen ilk gümüş akçe bastırıldı.",kuruluş
"Pelekanon zaferi hangi yılda ve hangi devlete karşı kazanıldı?","1329 yılında Bizans'a karşı Pelekanon zaferi kazanıldı.",kuruluş
"Orhan Gazi Bizans'a karşı hangi savaşı kazandı?","1329 yılında Bizans'a karşı Pelekanon zaferi kazanıldı.",kuruluş
"Pelekanon Muharebesi ne zaman oldu?","1329 yılında Bizans'a karşı Pelekanon zaferi kazanıldı.",kuruluş
"Pelekanon zaferi hakkında bilgi verir misin?","1329 yılında Bizans'a karşı Pelekanon zaferi kazanıldı.",kuruluş
"1330 yılında Osmanlı hangi beyliklerle ittifak yaptı?","1330 yılında Osmanlı, Aydın ve Saruhan beylikleriyle Bizans'a karşı ittifak yaptı.",kuruluş
"Bizans'a karşı Osmanlı-Aydın-Saruhan ittifakı ne zaman kuruldu?","1330 yılında Osmanlı, Aydın ve Saruhan beylikleriyle Bizans'a karşı ittifak yaptı.",kuruluş
"1330'daki ittifak hakkında bilgi verir misin?","1330 yılında Osmanlı, Aydın ve Saruhan beylikleriyle Bizans'a karşı ittifak yaptı.",kuruluş
"Hangi beyliklerle Osmanlı Bizans'a karşı birleşti?","1330 yılında Osmanlı, Aydın ve Saruhan beylikleriyle Bizans'a karşı ittifak yaptı.",kuruluş
"1330 yılında Osmanlılar hangi bölgeleri fethederek İstanbul Boğazı'nın Anadolu yakasının kontrolünü sağladı?","1330 yılında Üsküdar'a kadar Kocaeli kıyıları ve Kandıra fethedildi.",kuruluş
"Kocaeli kıyıları ve Kandıra ne zaman fethedildi?","1330 yılında Üsküdar'a kadar Kocaeli kıyıları ve Kandıra fethedildi.",kuruluş
"1330'daki fetihler nelerdir?","1330 yılında Üsküdar'a kadar Kocaeli kıyıları ve Kandıra fethedildi.",kuruluş
"Üsküdar'a kadar uzanan fetih hakkında bilgi verir misin?","1330 yılında Üsküdar'a kadar Kocaeli kıyıları ve Kandıra fethedildi.",kuruluş
"İznik hangi yılda ve kim tarafından fethedildi?","1331 yılında İznik Osmanlılar tarafından alındı.",kuruluş
"İznik'in Osmanlılara geçiş tarihi nedir?","1331 yılında İznik Osmanlılar tarafından alındı.",kuruluş
"İznik ne zaman alındı?","1331 yılında İznik Osmanlılar tarafından alındı.",kuruluş
"İznik fethi hakkında bilgi verir misin?","1331 yılında İznik Osmanlılar tarafından alındı.",kuruluş
"İlk Osmanlı medresesi nerede ve ne zaman kuruldu?","1331 yılında ilk Osmanlı medresesi İznik'te Orhan Gazi tarafından kuruldu.",kuruluş
"Orhan Gazi medreseyi hangi yılda ve nerede açtı?","1331 yılında ilk Osmanlı medresesi İznik'te Orhan Gazi tarafından kuruldu.",kuruluş
"Osmanlı eğitim sisteminin temeli ne zaman atıldı?","1331 yılında ilk Osmanlı medresesi İznik'te Orhan Gazi tarafından kuruldu.",kuruluş
"İznik'teki ilk medrese hakkında bilgi verir misin?","1331 yılında ilk Osmanlı medresesi İznik'te Orhan Gazi tarafından kuruldu.",kuruluş
"İzmit hangi yılda kuşatıldı ve Bizans'la ne zaman anlaşma yapıldı?","1333 yılında İzmit kuşatıldı ve Bizans'la anlaşma yapıldı.",kuruluş
"1333 yılında İzmit için ne yapıldı?","1333 yılında İzmit kuşatıldı ve Bizans'la anlaşma yapıldı.",kuruluş
"İzmit'in kuşatılması ve anlaşma hakkında bilgi verir misin?","1333 yılında İzmit kuşatıldı ve Bizans'la anlaşma yapıldı.",kuruluş
"1333'te İzmit'te ne oldu?","1333 yılında İzmit kuşatıldı ve Bizans'la anlaşma yapıldı.",kuruluş
"Ulubat ve Balıkesir ne zaman Osmanlı topraklarına katıldı?","1335 yılında Bizans'tan Ulubat ve Karesi Beyliği'nden Balıkesir ele geçirildi.",kuruluş
"1335 yılında hangi iki önemli yer alındı?","1335 yılında Bizans'tan Ulubat ve Karesi Beyliği'nden Balıkesir ele geçirildi.",kuruluş
"Bizans'tan Ulubat'ın ve Karesi Beyliği'nden Balıkesir'in fethi hakkında bilgi verir misin?","1335 yılında Bizans'tan Ulubat ve Karesi Beyliği'nden Balıkesir ele geçirildi.",kuruluş
"Ulubat ve Balıkesir'in alınışı hangi yılda oldu?","1335 yılında Bizans'tan Ulubat ve Karesi Beyliği'nden Balıkesir ele geçirildi.",kuruluş
"1337 yılında Orhan Gazi ve Süleyman Gazi nereleri fethetti?","1337 yılında Orhan Gazi İzmit'i, Süleyman Gazi ise Taraklı Yenicesi, Göynük ve Mudurnu'yu fethetti.",kuruluş
"İzmit, Taraklı Yenicesi, Göynük ve Mudurnu ne zaman alındı?","1337 yılında Orhan Gazi İzmit'i, Süleyman Gazi ise Taraklı Yenicesi, Göynük ve Mudurnu'yu fethetti.",kuruluş
"1337 yılındaki fetihler nelerdir?","1337 yılında Orhan Gazi İzmit'i, Süleyman Gazi ise Taraklı Yenicesi, Göynük ve Mudurnu'yu fethetti.",kuruluş
"Orhan ve Süleyman Gazilerin 1337 fetihleri hakkında bilgi verir misin?","1337 yılında Orhan Gazi İzmit'i, Süleyman Gazi ise Taraklı Yenicesi, Göynük ve Mudurnu'yu fethetti.",kuruluş
"Karesi Beyliği hangi yılda tamamen Osmanlılara ilhak edildi?","1345 yılında Karesi Beyliği tamamen Osmanlılara ilhak edildi.",kuruluş
"Karesi Beyliği'nin ilhak tarihi nedir?","1345 yılında Karesi Beyliği tamamen Osmanlılara ilhak edildi.",kuruluş
"Balıkesir ve çevresi ne zaman kesin olarak Osmanlı toprağı oldu?","1345 yılında Karesi Beyliği tamamen Osmanlılara ilhak edildi.",kuruluş
"Karesi Beyliği'nin Osmanlı topraklarına katılması hakkında bilgi verir misin?","1345 yılında Karesi Beyliği tamamen Osmanlılara ilhak edildi.",kuruluş
"Orhan Gazi Bizans İmparatoru Kantakuzenos'un kızıyla ne zaman evlendi?","1346 yılında Orhan Gazi, Bizans İmparatoru Kantakuzenos'un kızı ile evlendi ve Bizans'la ittifak kurdu.",kuruluş
"1346'daki evlilik ittifakı hakkında bilgi verir misin?","1346 yılında Orhan Gazi, Bizans İmparatoru Kantakuzenos'un kızı ile evlendi ve Bizans'la ittifak kurdu.",kuruluş
"Orhan Gazi'nin Bizans imparatorunun kızıyla evlenmesi hangi yılda oldu?","1346 yılında Orhan Gazi, Bizans İmparatoru Kantakuzenos'un kızı ile evlendi ve Bizans'la ittifak kurdu.",kuruluş
"Osmanlı-Bizans ittifakını sağlayan evlilik ne zaman gerçekleşti?","1346 yılında Orhan Gazi, Bizans İmparatoru Kantakuzenos'un kızı ile evlendi ve Bizans'la ittifak kurdu.",kuruluş
"Osmanlılar Rumeli'ye ilk kez ne zaman ve hangi kale ile kalıcı olarak geçti?","1349-1352 yılları arasında Süleyman Paşa, Bizans'a yardım bahanesiyle Rumeli'ye geçti ve Çimpe Kalesi'ni Osmanlı üssü haline getirdi.",kuruluş
"Çimpe Kalesi ne zaman Osmanlı üssü oldu?","1349-1352 yılları arasında Süleyman Paşa, Bizans'a yardım bahanesiyle Rumeli'ye geçti ve Çimpe Kalesi'ni Osmanlı üssü haline getirdi.",kuruluş
"Süleyman Paşa'nın Rumeli'ye geçişi hakkında bilgi verir misin?","1349-1352 yılları arasında Süleyman Paşa, Bizans'a yardım bahanesiyle Rumeli'ye geçti ve Çimpe Kalesi'ni Osmanlı üssü haline getirdi.",kuruluş
"Rumeli'deki ilk kalıcı Osmanlı üssü hangisidir?","1349-1352 yılları arasında Süleyman Paşa, Bizans'a yardım bahanesiyle Rumeli'ye geçti ve Çimpe Kalesi'ni Osmanlı üssü haline getirdi.",kuruluş
"Osmanlılar Çimpe Kalesi'ne ne zaman yerleşti ve Bizans'la savaş başladı?","1352 yılında Osmanlılar Çimpe Kalesi'ne yerleşti ve Bizans'la savaş başladı.",kuruluş
"1352'de Osmanlı-Bizans savaşının başlamasına neden olan olay nedir?","1352 yılında Osmanlılar Çimpe Kalesi'ne yerleşti ve Bizans'la savaş başladı.",kuruluş
"Çimpe Kalesi'nin yerleşim yeri olması hangi yılda oldu?","1352 yılında Osmanlılar Çimpe Kalesi'ne yerleşti ve Bizans'la savaş başladı.",kuruluş
"1352 yılında Rumeli'de ne oldu?","1352 yılında Osmanlılar Çimpe Kalesi'ne yerleşti ve Bizans'la savaş başladı.",kuruluş
"Osmanlılar Cenevizlilere hangi yılda serbest ticaret imtiyazı verdi?","1352 yılında Osmanlılar Cenevizlilere kendi topraklarında serbest ticaret yapma imtiyazı verdi.",kuruluş
"İlk kapitülasyon ne zaman yapıldı?","1352 yılında Osmanlılar Cenevizlilere kendi topraklarında serbest ticaret yapma imtiyazı verdi.",kuruluş
"Cenevizlilere verilen ticaret hakkı hakkında bilgi verir misin?","1352 yılında Osmanlılar Cenevizlilere kendi topraklarında serbest ticaret yapma imtiyazı verdi.",kuruluş
"Osmanlı'daki ilk ticari ayrıcalık hangi yılda ve kime verildi?","1352 yılında Osmanlılar Cenevizlilere kendi topraklarında serbest ticaret yapma imtiyazı verdi.",kuruluş
"Gelibolu hangi yılda ve kim tarafından fethedildi?","1354 yılında Süleyman Paşa Gelibolu'yu fethetti.",kuruluş
"Süleyman Paşa Gelibolu'yu ne zaman aldı?","1354 yılında Süleyman Paşa Gelibolu'yu fethetti.",kuruluş
"Gelibolu'nun fethi hakkında bilgi verir misin?","1354 yılında Süleyman Paşa Gelibolu'yu fethetti.",kuruluş
"Gelibolu'nun Osmanlılar tarafından fethi hangi yılda oldu?","1354 yılında Süleyman Paşa Gelibolu'yu fethetti.",kuruluş
"Sivrihisar hangi yılda alındı?","1356 yılında Sivrihisar alındı.",kuruluş
"Sivrihisar'ın fethi ne zaman gerçekleşti?","1356 yılında Sivrihisar alındı.",kuruluş
"1356 yılındaki fetihlerden biri nedir?","1356 yılında Sivrihisar alındı.",kuruluş
"Sivrihisar'ın alınışı hakkında bilgi verir misin?","1356 yılında Sivrihisar alındı.",kuruluş
"Orhan Gazi'nin esir düşen oğlu Halil ne zaman kurtarıldı ve ateşkes ne zaman imzalandı?","1357 yılında Orhan Gazi'nin esir düşen oğlu Halil'in kurtarılması karşılığında Osmanlı-Bizans savaşında ateşkes imzalandı.",kuruluş
"1357 yılındaki ateşkes anlaşması hakkında bilgi verir misin?","1357 yılında Orhan Gazi'nin esir düşen oğlu Halil'in kurtarılması karşılığında Osmanlı-Bizans savaşında ateşkes imzalandı.",kuruluş
"Halil'in kurtarılması karşılığında ne oldu?","1357 yılında Orhan Gazi'nin esir düşen oğlu Halil'in kurtarılması karşılığında Osmanlı-Bizans savaşında ateşkes imzalandı.",kuruluş
"Şehzade Halil'in kurtarılması hangi yılda gerçekleşti?","1357 yılında Orhan Gazi'nin esir düşen oğlu Halil'in kurtarılması karşılığında Osmanlı-Bizans savaşında ateşkes imzalandı.",kuruluş
"Süleyman Paşa hangi yılda öldü?","1357 yılında Süleyman Paşa öldü.",kuruluş
"Süleyman Paşa'nın ölüm tarihi nedir?","1357 yılında Süleyman Paşa öldü.",kuruluş
"Rumeli'deki fetihlerin öncüsü ne zaman vefat etti?","1357 yılında Süleyman Paşa öldü.",kuruluş
"Süleyman Paşa'nın ölümü hakkında bilgi verir misin?","1357 yılında Süleyman Paşa öldü.",kuruluş
"1359 yılında Bizans'ın kışkırtmasıyla düzenlenen hangi Haçlı seferi yenilgiye uğratıldı ve Bizans'la savaş yeniden başladı?","1359 yılında Bizans'ın kışkırtmasıyla düzenlenen Lapseki Haçlı Seferi yenilgiye uğratıldı ve Bizans'la savaş yeniden başladı.",kuruluş
"Lapseki Haçlı Seferi ne zaman püskürtüldü?","1359 yılında Bizans'ın kışkırtmasıyla düzenlenen Lapseki Haçlı Seferi yenilgiye uğratıldı ve Bizans'la savaş yeniden başladı.",kuruluş
"1359'da neler oldu?","1359 yılında Bizans'ın kışkırtmasıyla düzenlenen Lapseki Haçlı Seferi yenilgiye uğratıldı ve Bizans'la savaş yeniden başladı.",kuruluş
"Lapseki Haçlı Seferi'nin sonucu nedir?","1359 yılında Bizans'ın kışkırtmasıyla düzenlenen Lapseki Haçlı Seferi yenilgiye uğratıldı ve Bizans'la savaş yeniden başladı.",kuruluş
"1360 yılında Bizans'tan hangi şehirler fethedildi?","1360 yılında Bizans'tan Panados, Çorlu, Lüleburgaz, Babaeski, Keşan ve Dimetoka fethedildi.",kuruluş
"Panados, Çorlu, Lüleburgaz, Babaeski, Keşan ve Dimetoka ne zaman alındı?","1360 yılında Bizans'tan Panados, Çorlu, Lüleburgaz, Babaeski, Keşan ve Dimetoka fethedildi.",kuruluş
"1360 yılındaki fetihler nelerdir?","1360 yılında Bizans'tan Panados, Çorlu, Lüleburgaz, Babaeski, Keşan ve Dimetoka fethedildi.",kuruluş
"1360 Trakya fetihleri hakkında bilgi verir misin?","1360 yılında Bizans'tan Panados, Çorlu, Lüleburgaz, Babaeski, Keşan ve Dimetoka fethedildi.",kuruluş
"Edirne hangi yılda fethedildi ve başkent yapıldı?","1361 yılında Sazlıdere Zaferi sonrası Edirne fethedildi ve başkent yapıldı.",kuruluş
"Edirne'nin fethi ne zaman gerçekleşti?","1361 yılında Sazlıdere Zaferi sonrası Edirne fethedildi ve başkent yapıldı.",kuruluş
"Osmanlı başkenti ne zaman Edirne'ye taşındı?","1361 yılında Sazlıdere Zaferi sonrası Edirne fethedildi ve başkent yapıldı.",kuruluş
"Sazlıdere zaferi sonrası ne oldu?","1361 yılında Sazlıdere Zaferi sonrası Edirne fethedildi ve başkent yapıldı.",kuruluş
"Yeniçeri Ocağı hangi yılda kuruldu?","1361 yılında Yeniçeri Ocağı kuruldu.",kuruluş
"Yeniçeri Ocağı'nın kuruluş tarihi nedir?","1361 yılında Yeniçeri Ocağı kuruldu.",kuruluş
"Osmanlı'nın ilk düzenli piyade sınıfı ne zaman oluşturuldu?","1361 yılında Yeniçeri Ocağı kuruldu.",kuruluş
"Yeniçeri Ocağı'nın kuruluşu hakkında bilgi verir misin?","1361 yılında Yeniçeri Ocağı kuruldu.",kuruluş
"Orhan Gazi ne zaman vefat etti ve I. Murat ne zaman tahta çıktı?","1362 yılında Orhan Gazi vefat etti ve I. Murat tahta çıktı.",kuruluş
"1362 yılında Osmanlı tahtında ne değişti?","1362 yılında Orhan Gazi vefat etti ve I. Murat tahta çıktı.",kuruluş
"I. Murat'ın tahta çıkış tarihi nedir?","1362 yılında Orhan Gazi vefat etti ve I. Murat tahta çıktı.",kuruluş
"Orhan Gazi'nin vefatı ve I. Murat'ın tahta çıkışı hakkında bilgi verir misin?","1362 yılında Orhan Gazi vefat etti ve I. Murat tahta çıktı.",kuruluş
"Kadıaskerlik makamı ne zaman teşkil edildi?","1362 yılında kadıaskerlik teşkil edildi.",kuruluş
"Osmanlı hukuk sisteminde kadıaskerlik ne zaman kuruldu?","1362 yılında kadıaskerlik teşkil edildi.",kuruluş
"Kazaskerlik makamının kuruluşu hakkında bilgi verir misin?","1362 yılında kadıaskerlik teşkil edildi.",kuruluş
"İlk kadıasker ne zaman atandı?","1362 yılında kadıaskerlik teşkil edildi.",kuruluş
"Lala Şahin Paşa, Bulgar Krallığı'ndan hangi şehirleri ne zaman fethetti?","1363 yılında Lala Şahin Paşa, Bulgar Krallığı'ndan Eski Zağra ve Filibe'yi fethetti.",kuruluş
"Eski Zağra ve Filibe ne zaman Osmanlı toprağı oldu?","1363 yılında Lala Şahin Paşa, Bulgar Krallığı'ndan Eski Zağra ve Filibe'yi fethetti.",kuruluş
"1363 yılındaki Bulgaristan fetihleri nelerdir?","1363 yılında Lala Şahin Paşa, Bulgar Krallığı'ndan Eski Zağra ve Filibe'yi fethetti.",kuruluş
"Lala Şahin Paşa'nın Bulgaristan fetihleri hakkında bilgi verir misin?","1363 yılında Lala Şahin Paşa, Bulgar Krallığı'ndan Eski Zağra ve Filibe'yi fethetti.",kuruluş
"Pençik Kanunu ne zaman çıkarıldı?","1363 yılında Pençik Kanunu çıkarıldı.",kuruluş
"Osmanlı mali sisteminde Pençik Kanunu hangi yılda yürürlüğe girdi?","1363 yılında Pençik Kanunu çıkarıldı.",kuruluş
"Pençik Kanunu'nun amacı nedir?","1363 yılında Pençik Kanunu çıkarıldı.",kuruluş
"Pençik Kanunu hakkında bilgi verir misin?","1363 yılında Pençik Kanunu çıkarıldı.",kuruluş
"Sırpsındığı Zaferi hangi yılda ve hangi devlete karşı kazanıldı?","1364 yılında Sırplara karşı Sırpsındığı zaferi kazanıldı.",kuruluş
"Sırpsındığı Muharebesi ne zaman oldu?","1364 yılında Sırplara karşı Sırpsındığı zaferi kazanıldı.",kuruluş
"1364 yılındaki Balkan zaferi hangisidir?","1364 yılında Sırplara karşı Sırpsındığı zaferi kazanıldı.",kuruluş
"Sırpsındığı Zaferi hakkında bilgi verir misin?","1364 yılında Sırplara karşı Sırpsındığı zaferi kazanıldı.",kuruluş
"Savoyard Haçlı Seferi sonucu Gelibolu ne zaman kaybedildi ve Bizans'a devredildi?","1366 yılında Savoyard Haçlı Seferi sonucu Gelibolu Haçlılara kaybedildi ve Bizans'a devredildi.",kuruluş
"1366 yılında Gelibolu'nun durumu ne oldu?","1366 yılında Savoyard Haçlı Seferi sonucu Gelibolu Haçlılara kaybedildi ve Bizans'a devredildi.",kuruluş
"Haçlılar Gelibolu'yu hangi yılda ele geçirdi?","1366 yılında Savoyard Haçlı Seferi sonucu Gelibolu Haçlılara kaybedildi ve Bizans'a devredildi.",kuruluş
"Gelibolu'nun Bizans'a devri ne zaman oldu?","1366 yılında Savoyard Haçlı Seferi sonucu Gelibolu Haçlılara kaybedildi ve Bizans'a devredildi.",kuruluş
"1366-1372 Osmanlı-Bizans savaşları sırasında hangi yerler fethedildi?","1366 yılında Osmanlı-Bizans Savaşı yeniden başladı ve Çirmen, Ferecik, İncüğez, Çatalca ve Küçükçekmece fethedildi.",kuruluş
"Çirmen, Ferecik, İncüğez, Çatalca ve Küçükçekmece ne zaman alındı?","1366 yılında Osmanlı-Bizans Savaşı yeniden başladı ve Çirmen, Ferecik, İncüğez, Çatalca ve Küçükçekmece fethedildi.",kuruluş
"1366 yılında hangi fetihler yapıldı?","1366 yılında Osmanlı-Bizans Savaşı yeniden başladı ve Çirmen, Ferecik, İncüğez, Çatalca ve Küçükçekmece fethedildi.",kuruluş
"1366-1372 Osmanlı-Bizans savaşları hakkında bilgi verir misin?","1366 yılında Osmanlı-Bizans Savaşı yeniden başladı ve Çirmen, Ferecik, İncüğez, Çatalca ve Küçükçekmece fethedildi.",kuruluş
"Bulgar Krallığı ile savaş ne zaman başladı?","1367 yılında Bulgar Krallığı ile savaş başladı.",kuruluş
"1367 yılında Osmanlı-Bulgar ilişkilerinde ne değişti?","1367 yılında Bulgar Krallığı ile savaş başladı.",kuruluş
"Osmanlı-Bulgar savaşının başlangıcı hangi yıldır?","1367 yılında Bulgar Krallığı ile savaş başladı.",kuruluş
"Bulgaristan'a karşı savaş ne zaman ilan edildi?","1367 yılında Bulgar Krallığı ile savaş başladı.",kuruluş
"1368 yılında Bulgarlardan hangi yerler, Bizans'tan hangi yer fethedildi?","1368 yılında Bulgarlardan Aydos ve Karin Ovası, Bizans'tan Süzebolu fethedildi.",kuruluş
"Aydos, Karin Ovası ve Süzebolu ne zaman alındı?","1368 yılında Bulgarlardan Aydos ve Karin Ovası, Bizans'tan Süzebolu fethedildi.",kuruluş
"1368 fetihleri hakkında bilgi verir misin?","1368 yılında Bulgarlardan Aydos ve Karin Ovası, Bizans'tan Süzebolu fethedildi.",kuruluş
"Aydos, Karin Ovası ve Süzebolu'nun fethi hangi yılda oldu?","1368 yılında Bulgarlardan Aydos ve Karin Ovası, Bizans'tan Süzebolu fethedildi.",kuruluş
"Bizans'tan Kırklareli, Pınarhisar ve Vize ne zaman fethedildi?","1369 yılında Bizans'tan Kırklareli, Pınarhisar ve Vize fethedildi.",kuruluş
"1369 yılındaki Trakya fetihleri nelerdir?","1369 yılında Bizans'tan Kırklareli, Pınarhisar ve Vize fethedildi.",kuruluş
"Kırklareli, Pınarhisar ve Vize'nin Osmanlı topraklarına katılması ne zaman oldu?","1369 yılında Bizans'tan Kırklareli, Pınarhisar ve Vize fethedildi.",kuruluş
"1369 Bizans fetihleri hakkında bilgi verir misin?","1369 yılında Bizans'tan Kırklareli, Pınarhisar ve Vize fethedildi.",kuruluş
"1369 yılında Bulgarlardan hangi şehirler alındı ve Sırplara karşı hangi zafer kazanıldı?","1369 yılında Bulgar Krallığı'ndan Kızılcaağaç Yenicesi, Yanbolu, İslimiye, İhtiman ve Samokov fethedildi, ayrıca Sırplara karşı Çamurluova zaferi kazanıldı.",kuruluş
"Kızılcaağaç Yenicesi, Yanbolu, İslimiye, İhtiman ve Samokov ne zaman fethedildi?","1369 yılında Bulgar Krallığı'ndan Kızılcaağaç Yenicesi, Yanbolu, İslimiye, İhtiman ve Samokov fethedildi, ayrıca Sırplara karşı Çamurluova zaferi kazanıldı.",kuruluş
"Çamurluova Zaferi ne zaman kazanıldı?","1369 yılında Bulgar Krallığı'ndan Kızılcaağaç Yenicesi, Yanbolu, İslimiye, İhtiman ve Samokov fethedildi, ayrıca Sırplara karşı Çamurluova zaferi kazanıldı.",kuruluş
"1369 yılındaki Bulgar ve Sırp cephesindeki gelişmeler nelerdir?","1369 yılında Bulgar Krallığı'ndan Kızılcaağaç Yenicesi, Yanbolu, İslimiye, İhtiman ve Samokov fethedildi, ayrıca Sırplara karşı Çamurluova zaferi kazanıldı.",kuruluş
"Çirmen Zaferi hangi yılda ve hangi devlete karşı kazanıldı?","1371 yılında Sırplara karşı Çirmen zaferi kazanıldı.",kuruluş
"Sırplara karşı kesin zafer ne zaman elde edildi?","1371 yılında Sırplara karşı Çirmen zaferi kazanıldı.",kuruluş
"Çirmen Muharebesi'nin sonucu nedir?","1371 yılında Sırplara karşı Çirmen zaferi kazanıldı.",kuruluş
"Çirmen Zaferi hakkında bilgi verir misin?","1371 yılında Sırplara karşı Çirmen zaferi kazanıldı.",kuruluş
"Bizans ne zaman Osmanlı'ya tâbi oldu ve barış yapıldı?","1372 yılında Bizans'la barış yapıldı ve Bizans tâbi statüsüne girdi.",kuruluş
"1372 yılında Bizans'la ne oldu?","1372 yılında Bizans'la barış yapıldı ve Bizans tâbi statüsüne girdi.",kuruluş
"Bizans'ın Osmanlı'ya vergi vermesi hangi yılda başladı?","1372 yılında Bizans'la barış yapıldı ve Bizans tâbi statüsüne girdi.",kuruluş
"Osmanlı-Bizans barışı ve Bizans'ın tâbi oluşu hakkında bilgi verir misin?","1372 yılında Bizans'la barış yapıldı ve Bizans tâbi statüsüne girdi.",kuruluş
"Savcı Bey'in isyanı ne zaman oldu ve nasıl bastırıldı?","1373 yılında Savcı Bey'in isyanı başladı ve Pikridion zaferi kazanıldı; 1374 yılında Kite Zaferi ile isyan tamamen bastırıldı.",kuruluş
"1373-1374 yıllarındaki isyanlar hakkında bilgi verir misin?","1373 yılında Savcı Bey'in isyanı başladı ve Pikridion zaferi kazanıldı; 1374 yılında Kite Zaferi ile isyan tamamen bastırıldı.",kuruluş
"Savcı Bey isyanı hangi yıllar arasında sürdü?","1373 yılında Savcı Bey'in isyanı başladı ve Pikridion zaferi kazanıldı; 1374 yılında Kite Zaferi ile isyan tamamen bastırıldı.",kuruluş
"Pikridion ve Kite zaferleri hangi isyanı bastırdı?","1373 yılında Savcı Bey'in isyanı başladı ve Pikridion zaferi kazanıldı; 1374 yılında Kite Zaferi ile isyan tamamen bastırıldı.",kuruluş
"Gelibolu ne zaman Bizans tarafından Osmanlılara iade edildi?","1377 yılında Gelibolu Bizans tarafından Osmanlılara iade edildi.",kuruluş
"1377 yılında Gelibolu'nun durumu ne oldu?","1377 yılında Gelibolu Bizans tarafından Osmanlılara iade edildi.",kuruluş
"Gelibolu'nun Osmanlılara geri verilmesi hangi yılda oldu?","1377 yılında Gelibolu Bizans tarafından Osmanlılara iade edildi.",kuruluş
"Bizans Gelibolu'yu hangi yıl Osmanlı'ya geri verdi?","1377 yılında Gelibolu Bizans tarafından Osmanlılara iade edildi.",kuruluş
"1381 Bursa Düğünü ile hangi beyliklerden hangi topraklar alındı?","1381 Bursa Düğünü ile Germiyan Beyliği'nden Kütahya, Simav, Emet, Tavşanlı ve Gediz devralındı; Hamid Beyliği'nden Akşehir, Beyşehir, Seydişehir, Yalvaç, Karaağaç ve Isparta satın alındı.",kuruluş
"1381 Bursa Düğünü'nün toprak kazanımları nelerdir?","1381 Bursa Düğünü ile Germiyan Beyliği'nden Kütahya, Simav, Emet, Tavşanlı ve Gediz devralındı; Hamid Beyliği'nden Akşehir, Beyşehir, Seydişehir, Yalvaç, Karaağaç ve Isparta satın alındı.",kuruluş
"Germiyan ve Hamid beyliklerinden alınan yerler hakkında bilgi verir misin?","1381 Bursa Düğünü ile Germiyan Beyliği'nden Kütahya, Simav, Emet, Tavşanlı ve Gediz devralındı; Hamid Beyliği'nden Akşehir, Beyşehir, Seydişehir, Yalvaç, Karaağaç ve Isparta satın alındı.",kuruluş
"Bursa Düğünü ile Osmanlı topraklarına hangi bölgeler katıldı?","1381 Bursa Düğünü ile Germiyan Beyliği'nden Kütahya, Simav, Emet, Tavşanlı ve Gediz devralındı; Hamid Beyliği'nden Akşehir, Beyşehir, Seydişehir, Yalvaç, Karaağaç ve Isparta satın alındı.",kuruluş
"I. Kosova Zaferi hangi yılda kazanıldı ve sonucunda kim öldü?","1389 yılında I. Kosova Zaferi ile Sırp ordusu yenilgiye uğratıldı, ancak I. Murat savaş alanında öldürüldü.",kuruluş
"Kosova Savaşı'nda Osmanlı zaferi ve I. Murat'ın ölümü hakkında bilgi verir misin?","1389 yılında I. Kosova Zaferi ile Sırp ordusu yenilgiye uğratıldı, ancak I. Murat savaş alanında öldürüldü.",kuruluş
"I. Kosova Muharebesi ne zaman yapıldı ve sonucu ne oldu?","1389 yılında I. Kosova Zaferi ile Sırp ordusu yenilgiye uğratıldı, ancak I. Murat savaş alanında öldürüldü.",kuruluş
"Kosova'da Osmanlı zaferi hangi yılda gerçekleşti ve hangi padişah şehit düştü?","1389 yılında I. Kosova Zaferi ile Sırp ordusu yenilgiye uğratıldı, ancak I. Murat savaş alanında öldürüldü.",kuruluş
"Yıldırım Bayezid ne zaman tahta geçti ve hangi kardeşini katletti?","1389 yılında I. Murat'ın vefatı üzerine Yıldırım Bayezid tahta geçti ve hemen ardından kardeşi Yakub'u katlederek tek başına yönetimi ele aldı.",kuruluş
"I. Murat'ın ölümünden sonra kim tahta çıktı?","1389 yılında I. Murat'ın vefatı üzerine Yıldırım Bayezid tahta geçti ve hemen ardından kardeşi Yakub'u katlederek tek başına yönetimi ele aldı.",kuruluş
"Yıldırım Bayezid tahta çıktığında ilk ne yaptı?","1389 yılında I. Murat'ın vefatı üzerine Yıldırım Bayezid tahta geçti ve hemen ardından kardeşi Yakub'u katlederek tek başına yönetimi ele aldı.",kuruluş
"Yıldırım Bayezid dönemi nasıl başladı?","1389 yılında I. Murat'ın vefatı üzerine Yıldırım Bayezid tahta geçti ve hemen ardından kardeşi Yakub'u katlederek tek başına yönetimi ele aldı.",kuruluş
"1390 yılında hangi Anadolu beylikleri ilhak edildi?","1390 yılında Aydın, Saruhan, Germiyan ve Menteşe beylikleri ilhak edilerek Anadolu Türk birliği sağlandı.",kuruluş
"Aydın, Saruhan, Germiyan ve Menteşe beylikleri ne zaman Osmanlı topraklarına katıldı?","1390 yılında Aydın, Saruhan, Germiyan ve Menteşe beylikleri ilhak edilerek Anadolu Türk birliği sağlandı.",kuruluş
"Yıldırım Bayezid hangi beylikleri ilhak etti?","1390 yılında Aydın, Saruhan, Germiyan ve Menteşe beylikleri ilhak edilerek Anadolu Türk birliği sağlandı.",kuruluş
"1390 Anadolu birliği hareketi hakkında bilgi verir misin?","1390 yılında Aydın, Saruhan, Germiyan ve Menteşe beylikleri ilhak edilerek Anadolu Türk birliği sağlandı.",kuruluş
"İstanbul ilk kez ne zaman kuşatıldı?","1391 yılında İstanbul kuşatıldı.",kuruluş
"1391 yılındaki İstanbul kuşatması hakkında bilgi verir misin?","1391 yılında İstanbul kuşatıldı.",kuruluş
"Osmanlılar İstanbul'u ilk ne zaman kuşattı?","1391 yılında İstanbul kuşatıldı.",kuruluş
"İstanbul'un ilk kuşatması hangi padişah döneminde ve hangi yılda oldu?","1391 yılında İstanbul kuşatıldı.",kuruluş
"Niğbolu Zaferi hangi yılda kazanıldı ve hangi devlet ilhak edildi?","1396 yılında Niğbolu Zaferi ile Haçlı ordusu ağır yenilgiye uğratıldı ve Vidin Çarlığı ilhak edildi.",kuruluş
"Haçlılara karşı kesin zafer ne zaman elde edildi?","1396 yılında Niğbolu Zaferi ile Haçlı ordusu ağır yenilgiye uğratıldı ve Vidin Çarlığı ilhak edildi.",kuruluş
"Niğbolu Muharebesi'nin sonuçları nelerdir?","1396 yılında Niğbolu Zaferi ile Haçlı ordusu ağır yenilgiye uğratıldı ve Vidin Çarlığı ilhak edildi.",kuruluş
"Niğbolu Zaferi hakkında bilgi verir misin?","1396 yılında Niğbolu Zaferi ile Haçlı ordusu ağır yenilgiye uğratıldı ve Vidin Çarlığı ilhak edildi.",kuruluş
"Yıldırım Bayezid, Malatya ve Elbistan'ı hangi yılda ele geçirdi?","1399 yılında Yıldırım Beyazıt, Memlüklere ait Malatya ve Elbistan'ı ele geçirdi.",kuruluş
"1399 yılında Memlüklere karşı ne yapıldı?","1399 yılında Yıldırım Beyazıt, Memlüklere ait Malatya ve Elbistan'ı ele geçirdi.",kuruluş
"Yıldırım Bayezid'in Memlük topraklarına yönelik seferi ne zaman oldu?","1399 yılında Yıldırım Beyazıt, Memlüklere ait Malatya ve Elbistan'ı ele geçirdi.",kuruluş
"Malatya ve Elbistan ne zaman Osmanlı toprağı oldu?","1399 yılında Yıldırım Beyazıt, Memlüklere ait Malatya ve Elbistan'ı ele geçirdi.",kuruluş
"1400 yılında Bursa'da hangi önemli eserler inşa edildi?","1400 yılında Bursa'da Yıldırım Bayezid tarafından Ulu Cami ve ilk Osmanlı darüşşifası inşa edildi.",kuruluş
"Yıldırım Bayezid dönemindeki mimari eserler hakkında bilgi verir misin?","1400 yılında Bursa'da Yıldırım Bayezid tarafından Ulu Cami ve ilk Osmanlı darüşşifası inşa edildi.",kuruluş
"Bursa Ulu Cami ne zaman ve kim tarafından yaptırıldı?","1400 yılında Bursa'da Yıldırım Bayezid tarafından Ulu Cami ve ilk Osmanlı darüşşifası inşa edildi.",kuruluş
"İlk Osmanlı hastanesi (darüşşifa) nerede ve ne zaman kuruldu?","1400 yılında Bursa'da Yıldırım Bayezid tarafından Ulu Cami ve ilk Osmanlı darüşşifası inşa edildi.",kuruluş
"1402 Ankara Muharebesi'nde ne oldu ve hangi dönem başladı?","1402 Ankara Muharebesi'nde Yıldırım Bayezid, Timur'a yenilerek esir düştü ve bu olay Fetret Devri'nin başlangıcı oldu.",fetret
"Ankara Savaşı'nın sonuçları ve Fetret Devri hakkında bilgi verir misin?","1402 Ankara Muharebesi'nde Yıldırım Bayezid, Timur'a yenilerek esir düştü ve bu olay Fetret Devri'nin başlangıcı oldu.",fetret
"Yıldırım Bayezid hangi savaşta Timur'a yenildi ve esir düştü?","1402 Ankara Muharebesi'nde Yıldırım Bayezid, Timur'a yenilerek esir düştü ve bu olay Fetret Devri'nin başlangıcı oldu.",fetret
"Ankara Muharebesi'nden sonra Osmanlı'da hangi dönem başladı?","1402 Ankara Muharebesi'nde Yıldırım Bayezid, Timur'a yenilerek esir düştü ve bu olay Fetret Devri'nin başlangıcı oldu.",fetret
"Fetret Devri hangi yıllar arasında sürdü?","1402 ile 1413 yılları arasında süren Fetret Devri'nde şehzadeler arasında taht kavgaları yaşandı.",fetret
"1402-1413 arasındaki taht kavgaları dönemi nedir?","1402 ile 1413 yılları arasında süren Fetret Devri'nde şehzadeler arasında taht kavgaları yaşandı.",fetret
"Fetret Devri'nde ne yaşandı?","1402 ile 1413 yılları arasında süren Fetret Devri'nde şehzadeler arasında taht kavgaları yaşandı.",fetret
"Osmanlı'da iç savaş dönemi olan Fetret Devri hangi yıllar arasını kapsar?","1402 ile 1413 yılları arasında süren Fetret Devri'nde şehzadeler arasında taht kavgaları yaşandı.",fetret
"I. Mehmed, Musa Çelebi'yi ne zaman mağlup ederek Osmanlı tahtında tek başına hakimiyet kurdu?","1413 yılında I. Mehmed, Musa Çelebi'yi mağlup ederek Osmanlı tahtında tek başına hakimiyet kurdu.",fetret
"Fetret Devri'ni kim sonlandırdı?","1413 yılında I. Mehmed, Musa Çelebi'yi mağlup ederek Osmanlı tahtında tek başına hakimiyet kurdu.",fetret
"Osmanlı birliğini yeniden sağlayan padişah kimdir ve hangi yılda?","1413 yılında I. Mehmed, Musa Çelebi'yi mağlup ederek Osmanlı tahtında tek başına hakimiyet kurdu.",fetret
"Musa Çelebi'yi yenerek Fetret Devri'ni bitiren padişah hangisidir?","1413 yılında I. Mehmed, Musa Çelebi'yi mağlup ederek Osmanlı tahtında tek başına hakimiyet kurdu.",fetret
"1416 yılında hangi iki önemli olay yaşandı?","1416 yılında Şeyh Bedreddin isyanı patlak verdi ve Çavlı Bey'in donanması Gelibolu Muharebesi'nde Venediklilere yenildi.",fetret
"Şeyh Bedreddin isyanı ve Gelibolu Muharebesi hakkında bilgi verir misin?","1416 yılında Şeyh Bedreddin isyanı patlak verdi ve Çavlı Bey'in donanması Gelibolu Muharebesi'nde Venediklilere yenildi.",fetret
"Şeyh Bedreddin isyanı ne zaman oldu?","1416 yılında Şeyh Bedreddin isyanı patlak verdi ve Çavlı Bey'in donanması Gelibolu Muharebesi'nde Venediklilere yenildi.",fetret
"Osmanlı donanması Venedik'e karşı ilk büyük yenilgisini ne zaman aldı?","1416 yılında Şeyh Bedreddin isyanı patlak verdi ve Çavlı Bey'in donanması Gelibolu Muharebesi'nde Venediklilere yenildi.",fetret
"Yeşil Cami hangi yıllar arasında ve kim tarafından yaptırıldı?","1419-1424 yıllarında I. Mehmed tarafından Bursa'da Hacı İvaz'a Yeşil Cami yaptırıldı.",fetret
"Bursa'daki Yeşil Cami'nin inşa tarihi hakkında bilgi verir misin?","1419-1424 yıllarında I. Mehmed tarafından Bursa'da Hacı İvaz'a Yeşil Cami yaptırıldı.",fetret
"Yeşil Cami'yi kim yaptırdı ve ne zaman?","1419-1424 yıllarında I. Mehmed tarafından Bursa'da Hacı İvaz'a Yeşil Cami yaptırıldı.",fetret
"I. Mehmed döneminde Bursa'da yaptırılan önemli cami hangisidir?","1419-1424 yıllarında I. Mehmed tarafından Bursa'da Hacı İvaz'a Yeşil Cami yaptırıldı.",fetret
"I. Mehmed ne zaman öldü ve II. Murad ne zaman tahta geçti?","1421 yılında I. Mehmed öldü ve II. Murad tahta geçti; hemen ardından Bizans ile savaş başladı.",fetret
"1421 yılındaki taht değişikliği hakkında bilgi verir misin?","1421 yılında I. Mehmed öldü ve II. Murad tahta geçti; hemen ardından Bizans ile savaş başladı.",fetret
"Çelebi Mehmed'in ölümü ve yerine kimin geçtiği?","1421 yılında I. Mehmed öldü ve II. Murad tahta geçti; hemen ardından Bizans ile savaş başladı.",fetret
"II. Murad ne zaman padişah oldu?","1421 yılında I. Mehmed öldü ve II. Murad tahta geçti; hemen ardından Bizans ile savaş başladı.",fetret
"Osmanlılar tarafından yapılan ilk kapsamlı İstanbul Kuşatması hangi yılda gerçekleşti?","1422 yılında Osmanlılar tarafından ilk kapsamlı İstanbul Kuşatması gerçekleştirildi.",fetret
"1422 İstanbul Kuşatması hakkında bilgi verir misin?","1422 yılında Osmanlılar tarafından ilk kapsamlı İstanbul Kuşatması gerçekleştirildi.",fetret
"II. Murad'ın İstanbul kuşatması ne zaman oldu?","1422 yılında Osmanlılar tarafından ilk kapsamlı İstanbul Kuşatması gerçekleştirildi.",fetret
"İstanbul'un ilk ciddi kuşatması hangi padişah döneminde yapıldı?","1422 yılında Osmanlılar tarafından ilk kapsamlı İstanbul Kuşatması gerçekleştirildi.",fetret
"Turahan Bey'in Mora Seferi ne zaman oldu ve hangi zafer kazanıldı?","1423 yılında Turahan Bey Mora Seferi'ne çıkarak Davia Zaferi ile Bizans'ın Mora'daki direncini kırdı.",fetret
"Osmanlıların Mora'daki ilk büyük harekatı hakkında bilgi verir misin?","1423 yılında Turahan Bey Mora Seferi'ne çıkarak Davia Zaferi ile Bizans'ın Mora'daki direncini kırdı.",fetret
"Davia Zaferi hangi yılda ve kim tarafından kazanıldı?","1423 yılında Turahan Bey Mora Seferi'ne çıkarak Davia Zaferi ile Bizans'ın Mora'daki direncini kırdı.",fetret
"Turahan Bey'in Mora seferi sonucunda ne oldu?","1423 yılında Turahan Bey Mora Seferi'ne çıkarak Davia Zaferi ile Bizans'ın Mora'daki direncini kırdı.",fetret
"Selanik kesin olarak ne zaman fethedildi ve Venedik ile ne zaman barış yapıldı?","1430 yılında Selanik kesin olarak fethedildi ve Venedik ile barış antlaşması imzalandı.",fetret
"1430 Selanik fethi ve Venedik barışı hakkında bilgi verir misin?","1430 yılında Selanik kesin olarak fethedildi ve Venedik ile barış antlaşması imzalandı.",fetret
"Selanik'in Osmanlı topraklarına kesin katılışı hangi yılda oldu?","1430 yılında Selanik kesin olarak fethedildi ve Venedik ile barış antlaşması imzalandı.",fetret
"Venedik ile barış ne zaman yapıldı ve hangi şehir alındı?","1430 yılında Selanik kesin olarak fethedildi ve Venedik ile barış antlaşması imzalandı.",fetret
"Edirne-Segedin Antlaşması ve Yenişehir Sevgendnamesi ne zaman imzalandı?","1444 yılında Edirne-Segedin Antlaşması ile Macaristan ile barış yapıldı ve Yenişehir Sevgendnamesi ile Karaman Beyliği ile anlaşmaya varıldı.",fetret
"1444 yılındaki barış antlaşmaları hakkında bilgi verir misin?","1444 yılında Edirne-Segedin Antlaşması ile Macaristan ile barış yapıldı ve Yenişehir Sevgendnamesi ile Karaman Beyliği ile anlaşmaya varıldı.",fetret
"Edirne-Segedin Antlaşması hangi yılda imzalandı ve kiminle yapıldı?","1444 yılında Edirne-Segedin Antlaşması ile Macaristan ile barış yapıldı ve Yenişehir Sevgendnamesi ile Karaman Beyliği ile anlaşmaya varıldı.",fetret
"Yenişehir Sevgendnamesi nedir ve ne zaman imzalanmıştır?","1444 yılında Edirne-Segedin Antlaşması ile Macaristan ile barış yapıldı ve Yenişehir Sevgendnamesi ile Karaman Beyliği ile anlaşmaya varıldı.",fetret
"Varna Zaferi ne zaman kazanıldı ve hangi Haçlı ordusu yenilgiye uğratıldı?","1444 yılında Macar-Haçlı ordusuna karşı Varna zaferi kazanıldı.",fetret
"II. Murad, Varna Muharebesi'ni ne zaman kazandı?","1444 yılında Macar-Haçlı ordusuna karşı Varna zaferi kazanıldı.",fetret
"Varna Savaşı'nın tarihi ve sonucu nedir?","1444 yılında Macar-Haçlı ordusuna karşı Varna zaferi kazanıldı.",fetret
"Varna Haçlı Seferi'nin sonu nasıl oldu?","1444 yılında Macar-Haçlı ordusuna karşı Varna zaferi kazanıldı.",fetret
"Buçuktepe Vakası ne zaman oldu ve sonucunda kim tahttan indirildi?","1446 Buçuktepe Vakası ile II. Mehmed tahttan indirildi ve II. Murad ikinci kez padişah oldu.",fetret
"1446 yılındaki askeri isyan hakkında bilgi verir misin?","1446 Buçuktepe Vakası ile II. Mehmed tahttan indirildi ve II. Murad ikinci kez padişah oldu.",fetret
"Buçuktepe Vakası nedir ve ne zaman gerçekleşti?","1446 Buçuktepe Vakası ile II. Mehmed tahttan indirildi ve II. Murad ikinci kez padişah oldu.",fetret
"II. Mehmed neden ve ne zaman tahttan indirildi?","1446 Buçuktepe Vakası ile II. Mehmed tahttan indirildi ve II. Murad ikinci kez padişah oldu.",fetret
"II. Kosova Zaferi ne zaman kazanıldı ve hangi devletlere karşı?","1448 yılında II. Kosova Zaferi ile Macar-Haçlı ordusu kesin olarak yenilgiye uğratıldı.",fetret
"II. Kosova Muharebesi ne zaman oldu ve sonucu nedir?","1448 yılında II. Kosova Zaferi ile Macar-Haçlı ordusu kesin olarak yenilgiye uğratıldı.",fetret
"1448 yılında kazanılan Kosova zaferinin önemi nedir?","1448 yılında II. Kosova Zaferi ile Macar-Haçlı ordusu kesin olarak yenilgiye uğratıldı.",fetret
"János Hunyadi'nin liderliğindeki Haçlı ordusu hangi savaşta yenildi?","1448 yılında II. Kosova Zaferi ile Macar-Haçlı ordusu kesin olarak yenilgiye uğratıldı.",fetret
"Fatih Sultan Mehmed İstanbul'u hangi yılda fethetti ve Ayasofya'ya ne yapıldı?","1453 yılında II. Mehmed İstanbul'u fethederek Bizans İmparatorluğu'na son verdi ve Ayasofya camiye çevrildi.",yükseliş
"İstanbul'un fethi hangi tarihte gerçekleşti ve kim tarafından yapıldı?","1453 yılında II. Mehmed İstanbul'u fethederek Bizans İmparatorluğu'na son verdi ve Ayasofya camiye çevrildi.",yükseliş
"Bizans İmparatorluğu hangi yılda ve hangi padişah döneminde yıkıldı?","1453 yılında II. Mehmed İstanbul'u fethederek Bizans İmparatorluğu'na son verdi ve Ayasofya camiye çevrildi.",yükseliş
"Fatih Sultan Mehmed İstanbul'u fethedince Ayasofya'yı ne yaptı?","1453 yılında II. Mehmed İstanbul'u fethederek Bizans İmparatorluğu'na son verdi ve Ayasofya camiye çevrildi.",yükseliş
"Atina Dükalığı ne zaman ilhak edildi?","1456 yılında Atina Dükalığı ilhak edilerek Osmanlı topraklarına katıldı.",yükseliş
"Atina hangi yılda ve kim tarafından fethedildi?","1456 yılında Atina Dükalığı ilhak edilerek Osmanlı topraklarına katıldı.",yükseliş
"1456'da hangi Yunan bölgesi Osmanlı toprağı oldu?","1456 yılında Atina Dükalığı ilhak edilerek Osmanlı topraklarına katıldı.",yükseliş
"Atina Dükalığı'nın fethi hakkında bilgi verir misin?","1456 yılında Atina Dükalığı ilhak edilerek Osmanlı topraklarına katıldı.",yükseliş
"Semendire'nin fethi ve Sırbistan'ın ilhakı ne zaman gerçekleşti?","1459 yılında Semendire'nin fethi ile Sırbistan tamamen Osmanlı topraklarına katıldı.",yükseliş
"Sırbistan hangi yılda kesin olarak Osmanlı toprağı oldu?","1459 yılında Semendire'nin fethi ile Sırbistan tamamen Osmanlı topraklarına katıldı.",yükseliş
"Fatih Sultan Mehmed Sırbistan'ı ne zaman ilhak etti?","1459 yılında Semendire'nin fethi ile Sırbistan tamamen Osmanlı topraklarına katıldı.",yükseliş
"Semendire'nin alınmasıyla hangi devlet yıkılmış oldu?","1459 yılında Semendire'nin fethi ile Sırbistan tamamen Osmanlı topraklarına katıldı.",yükseliş
"Trabzon Rum İmparatorluğu ne zaman ve kim tarafından sona erdirildi?","1461 yılında Fatih Sultan Mehmed Trabzon'u fethederek Trabzon Rum İmparatorluğu'na son verdi ve Batum'a kadar Karadeniz kıyılarını Osmanlı egemenliğine soktu.",yükseliş
"1461 yılında hangi imparatorluk yıkıldı ve hangi bölgeler Osmanlı'ya katıldı?","1461 yılında Fatih Sultan Mehmed Trabzon'u fethederek Trabzon Rum İmparatorluğu'na son verdi ve Batum'a kadar Karadeniz kıyılarını Osmanlı egemenliğine soktu.",yükseliş
"Trabzon'un fethi hangi padişah döneminde ve hangi yılda oldu?","1461 yılında Fatih Sultan Mehmed Trabzon'u fethederek Trabzon Rum İmparatorluğu'na son verdi ve Batum'a kadar Karadeniz kıyılarını Osmanlı egemenliğine soktu.",yükseliş
"Fatih Sultan Mehmed Karadeniz'deki hakimiyetini hangi fetihle pekiştirdi?","1461 yılında Fatih Sultan Mehmed Trabzon'u fethederek Trabzon Rum İmparatorluğu'na son verdi ve Batum'a kadar Karadeniz kıyılarını Osmanlı egemenliğine soktu.",yükseliş
"Midilli hangi yılda ve kim tarafından fethedildi?","1462 yılında Midilli'nin fethi gerçekleşti.",yükseliş
"Fatih Sultan Mehmed Midilli Adası'nı ne zaman aldı?","1462 yılında Midilli'nin fethi gerçekleşti.",yükseliş
"Midilli'nin fethi hakkında bilgi verir misin?","1462 yılında Midilli'nin fethi gerçekleşti.",yükseliş
"Ege'de önemli bir ada olan Midilli hangi yıl Osmanlı toprağı oldu?","1462 yılında Midilli'nin fethi gerçekleşti.",yükseliş
"Bosna'nın fethi hangi yılda gerçekleşti?","1463 yılında I. Bosna seferi ile Bosna fethedildi.",yükseliş
"Fatih Sultan Mehmed Bosna'yı ne zaman fethetti?","1463 yılında I. Bosna seferi ile Bosna fethedildi.",yükseliş
"Bosna'nın Osmanlı topraklarına katılma tarihi nedir?","1463 yılında I. Bosna seferi ile Bosna fethedildi.",yükseliş
"Bosna'nın fethi hakkında bilgi verir misin?","1463 yılında I. Bosna seferi ile Bosna fethedildi.",yükseliş
"Kırım Hanlığı ne zaman Osmanlı'ya bağlandı?","1475 yılında Kırım Hanı Mengli Giray Han, Cenevizlilerin elinden kurtarılarak Kırım Hanlığı Osmanlı'ya bağlandı.",yükseliş
"Kırım hangi yılda Osmanlı himayesine girdi?","1475 yılında Kırım Hanı Mengli Giray Han, Cenevizlilerin elinden kurtarılarak Kırım Hanlığı Osmanlı'ya bağlandı.",yükseliş
"Osmanlı himayesindeki Kırım Hanlığı ne zaman kuruldu?","1475 yılında Kırım Hanı Mengli Giray Han, Cenevizlilerin elinden kurtarılarak Kırım Hanlığı Osmanlı'ya bağlandı.",yükseliş
"Kefe'nin fethi ve Kırım'ın bağlanması hangi yılda oldu?","1475 yılında Kırım Hanı Mengli Giray Han, Cenevizlilerin elinden kurtarılarak Kırım Hanlığı Osmanlı'ya bağlandı.",yükseliş
"Otranto Seferi hangi yılda yapıldı ve Osmanlılar İtalya'ya ilk kez ne zaman çıktı?","1480 yılında Otranto Seferi ile Osmanlılar İtalya topraklarına çıktı.",yükseliş
"Fatih Sultan Mehmed'in İtalya seferi ne zaman oldu?","1480 yılında Otranto Seferi ile Osmanlılar İtalya topraklarına çıktı.",yükseliş
"Otranto'nun fethi hangi yılda gerçekleşti?","1480 yılında Otranto Seferi ile Osmanlılar İtalya topraklarına çıktı.",yükseliş
"Osmanlıların İtalya'daki ilk ve tek fetih girişimi nedir?","1480 yılında Otranto Seferi ile Osmanlılar İtalya topraklarına çıktı.",yükseliş
"Cem Sultan İsyanı ne zaman oldu ve hangi savaşta mağlup edildi?","1481 yılında II. Bayezid Yenişehir Muharebesi'nde kardeşi Cem Sultan'ı mağlup etti ve Cem Mısır'a kaçtı.",yükseliş
"II. Bayezid, kardeşi Cem Sultan'ı hangi savaşta yendi?","1481 yılında II. Bayezid Yenişehir Muharebesi'nde kardeşi Cem Sultan'ı mağlup etti ve Cem Mısır'a kaçtı.",yükseliş
"Cem Sultan'ın taht mücadelesi hangi yılda sonuçsuz kaldı?","1481 yılında II. Bayezid Yenişehir Muharebesi'nde kardeşi Cem Sultan'ı mağlup etti ve Cem Mısır'a kaçtı.",yükseliş
"Yenişehir Muharebesi ne zaman yapıldı ve sonucu ne oldu?","1481 yılında II. Bayezid Yenişehir Muharebesi'nde kardeşi Cem Sultan'ı mağlup etti ve Cem Mısır'a kaçtı.",yükseliş
"Kili ve Akkerman hangi yılda fethedildi?","1484 yılında Boğdan Seferi ile Kili ve Akkerman fethedilerek Karadeniz'in batı kıyıları güvence altına alındı.",yükseliş
"II. Bayezid döneminde Karadeniz'de hangi iki önemli kale fethedildi?","1484 yılında Boğdan Seferi ile Kili ve Akkerman fethedilerek Karadeniz'in batı kıyıları güvence altına alındı.",yükseliş
"Kili ve Akkerman'ın fethi hangi yılda ve hangi seferle oldu?","1484 yılında Boğdan Seferi ile Kili ve Akkerman fethedilerek Karadeniz'in batı kıyıları güvence altına alındı.",yükseliş
"Boğdan Seferi sonucunda Osmanlı hangi kaleleri ele geçirdi?","1484 yılında Boğdan Seferi ile Kili ve Akkerman fethedilerek Karadeniz'in batı kıyıları güvence altına alındı.",yükseliş
"1492 yılında İspanya'dan kovulan Yahudiler nereye kabul edildi?","1492 yılında İspanya'dan çıkarılan Yahudiler Osmanlı himayesine kabul edildi.",yükseliş
"Osmanlı Devleti, İspanya'dan kovulan Yahudileri hangi yılda himayesine aldı?","1492 yılında İspanya'dan çıkarılan Yahudiler Osmanlı himayesine kabul edildi.",yükseliş
"Yahudilerin Osmanlı topraklarına kabulü hangi padişah döneminde ve ne zaman oldu?","1492 yılında İspanya'dan çıkarılan Yahudiler Osmanlı himayesine kabul edildi.",yükseliş
"1492'de İspanya'dan kovulan Yahudilere kucak açan devlet hangisidir?","1492 yılında İspanya'dan çıkarılan Yahudiler Osmanlı himayesine kabul edildi.",yükseliş
"Yavuz Sultan Selim ne zaman tahta geçti?","1512 yılında II. Bayezid tahttan çekildi ve Yavuz Sultan Selim tahta geçti.",yükseliş
"II. Bayezid tahtı hangi yılda oğlu Yavuz Sultan Selim'e bıraktı?","1512 yılında II. Bayezid tahttan çekildi ve Yavuz Sultan Selim tahta geçti.",yükseliş
"Yavuz Sultan Selim'in saltanatı hangi yılda başladı?","1512 yılında II. Bayezid tahttan çekildi ve Yavuz Sultan Selim tahta geçti.",yükseliş
"1512 yılında Osmanlı tahtında kim değişti?","1512 yılında II. Bayezid tahttan çekildi ve Yavuz Sultan Selim tahta geçti.",yükseliş
"Çaldıran Zaferi ne zaman kazanıldı ve sonucunda hangi şehre girildi?","1514 yılında Yavuz Sultan Selim, Safevilere karşı Çaldıran Zaferi'ni kazanarak Tebriz'e girdi.",yükseliş
"Yavuz Sultan Selim, Şah İsmail'i hangi savaşta yendi ve hangi şehri ele geçirdi?","1514 yılında Yavuz Sultan Selim, Safevilere karşı Çaldıran Zaferi'ni kazanarak Tebriz'e girdi.",yükseliş
"Çaldıran Muharebesi'nin tarihi ve sonucu nedir?","1514 yılında Yavuz Sultan Selim, Safevilere karşı Çaldıran Zaferi'ni kazanarak Tebriz'e girdi.",yükseliş
"Osmanlı-Safevi ilişkilerini belirleyen ilk büyük savaş hangisidir ve ne zaman olmuştur?","1514 yılında Yavuz Sultan Selim, Safevilere karşı Çaldıran Zaferi'ni kazanarak Tebriz'e girdi.",yükseliş
"Turnadağ Zaferi ile hangi beyliğin ilhakı gerçekleşti ve hangi yılda?","1515 yılında Turnadağ Zaferi ile Dulkadir Beyliği ilhak edildi.",yükseliş
"Yavuz Sultan Selim, Dulkadir Beyliği'ni hangi savaşla topraklarına kattı?","1515 yılında Turnadağ Zaferi ile Dulkadir Beyliği ilhak edildi.",yükseliş
"Turnadağ Muharebesi'nin sonuçları nelerdir?","1515 yılında Turnadağ Zaferi ile Dulkadir Beyliği ilhak edildi.",yükseliş
"Dulkadiroğulları Beyliği ne zaman Osmanlı toprağı oldu?","1515 yılında Turnadağ Zaferi ile Dulkadir Beyliği ilhak edildi.",yükseliş
"Mercidabık Zaferi ne zaman kazanıldı ve hangi bölgeler Osmanlı topraklarına katıldı?","1516 yılında Mercidabık Zaferi ile Memlük ordusu yenilgiye uğratıldı, Halep ve Suriye Osmanlı topraklarına katıldı.",yükseliş
"Yavuz Sultan Selim, Memlük Devleti'ni hangi savaşta yenerek Suriye'yi fethetti?","1516 yılında Mercidabık Zaferi ile Memlük ordusu yenilgiye uğratıldı, Halep ve Suriye Osmanlı topraklarına katıldı.",yükseliş
"Mercidabık Muharebesi'nin sonuçları nelerdir?","1516 yılında Mercidabık Zaferi ile Memlük ordusu yenilgiye uğratıldı, Halep ve Suriye Osmanlı topraklarına katıldı.",yükseliş
"Suriye ve Filistin hangi savaştan sonra Osmanlı toprağı oldu?","1516 yılında Mercidabık Zaferi ile Memlük ordusu yenilgiye uğratıldı, Halep ve Suriye Osmanlı topraklarına katıldı.",yükseliş
"Ridaniye Zaferi ile Mısır ne zaman alındı ve hangi önemli sonuçlar doğdu?","1517 yılında Ridaniye Zaferi ile Mısır alındı; Hicaz Şerifliği ve Yemen Osmanlı'ya bağlandı, halifelik Osmanlı'ya geçti.",yükseliş
"Yavuz Sultan Selim Mısır'ı hangi savaşla fethetti ve hangi kutsal emanetler İstanbul'a getirildi?","1517 yılında Ridaniye Zaferi ile Mısır alındı; Hicaz Şerifliği ve Yemen Osmanlı'ya bağlandı, halifelik Osmanlı'ya geçti.",yükseliş
"Ridaniye Muharebesi'nin Osmanlı tarihi açısından önemi nedir?","1517 yılında Ridaniye Zaferi ile Mısır alındı; Hicaz Şerifliği ve Yemen Osmanlı'ya bağlandı, halifelik Osmanlı'ya geçti.",yükseliş
"Osmanlı Devleti hangi savaştan sonra halife unvanını aldı?","1517 yılında Ridaniye Zaferi ile Mısır alındı; Hicaz Şerifliği ve Yemen Osmanlı'ya bağlandı, halifelik Osmanlı'ya geçti.",yükseliş
"Cezayir ne zaman Osmanlı toprağı oldu?","1519 yılında Barbaros Hayreddin Paşa idaresindeki Cezayir Osmanlı'ya iltihak etti.",yükseliş
"Barbaros Hayreddin Paşa hangi yılda Cezayir'i Osmanlı'ya bağladı?","1519 yılında Barbaros Hayreddin Paşa idaresindeki Cezayir Osmanlı'ya iltihak etti.",yükseliş
"Cezayir'in Osmanlı egemenliğine girişi ne zaman oldu?","1519 yılında Barbaros Hayreddin Paşa idaresindeki Cezayir Osmanlı'ya iltihak etti.",yükseliş
"Kuzey Afrika'da Osmanlı hakimiyeti hangi yıl başladı?","1519 yılında Barbaros Hayreddin Paşa idaresindeki Cezayir Osmanlı'ya iltihak etti.",yükseliş
"Kanuni Sultan Süleyman ne zaman tahta geçti?","1520 yılında Yavuz Sultan Selim vefat etti ve Kanuni Sultan Süleyman tahta geçti.",yükseliş
"Yavuz Sultan Selim'in ölümü ve Kanuni'nin tahta çıkışı hangi yılda oldu?","1520 yılında Yavuz Sultan Selim vefat etti ve Kanuni Sultan Süleyman tahta geçti.",yükseliş
"1520 yılında Osmanlı tahtında kim değişti?","1520 yılında Yavuz Sultan Selim vefat etti ve Kanuni Sultan Süleyman tahta geçti.",yükseliş
"Kanuni Sultan Süleyman'ın saltanatı hangi yılda başladı?","1520 yılında Yavuz Sultan Selim vefat etti ve Kanuni Sultan Süleyman tahta geçti.",yükseliş
"Kanuni Belgrad'ı ne zaman fethederek Osmanlı sınırlarını Orta Avrupa'ya dayadı?","1521 yılında Kanuni Belgrad'ı fethederek Osmanlı sınırlarını Orta Avrupa'ya dayadı.",yükseliş
"Belgrad'ın fethi hangi padişah döneminde ve hangi yılda oldu?","1521 yılında Kanuni Belgrad'ı fethederek Osmanlı sınırlarını Orta Avrupa'ya dayadı.",yükseliş
"Kanuni Sultan Süleyman Belgrad'ı ne zaman aldı?","1521 yılında Kanuni Belgrad'ı fethederek Osmanlı sınırlarını Orta Avrupa'ya dayadı.",yükseliş
"Belgrad'ın Osmanlılar tarafından fethi hangi yılda gerçekleşti?","1521 yılında Kanuni Belgrad'ı fethederek Osmanlı sınırlarını Orta Avrupa'ya dayadı.",yükseliş
"Kanuni Rodos'u ne zaman fethetti ve hangi adalar Osmanlı topraklarına katıldı?","1522 yılında Kanuni Rodos'u fethederek Bodrum ve On İki Ada'yı Osmanlı topraklarına kattı.",yükseliş
"Rodos'un fethi hangi yılda ve kim tarafından yapıldı?","1522 yılında Kanuni Rodos'u fethederek Bodrum ve On İki Ada'yı Osmanlı topraklarına kattı.",yükseliş
"On İki Ada hangi yılda Osmanlı egemenliğine girdi?","1522 yılında Kanuni Rodos'u fethederek Bodrum ve On İki Ada'yı Osmanlı topraklarına kattı.",yükseliş
"Kanuni Sultan Süleyman'ın Rodos seferi sonucunda ne oldu?","1522 yılında Kanuni Rodos'u fethederek Bodrum ve On İki Ada'yı Osmanlı topraklarına kattı.",yükseliş
"Mohaç Zaferi ne zaman kazanıldı ve hangi krallık fiilen ortadan kaldırıldı?","1526 yılında Kanuni, Macaristan'a karşı Mohaç Zaferi'ni kazanarak Macar Krallığı'nı fiilen ortadan kaldırdı.",yükseliş
"Kanuni Sultan Süleyman, Macar Krallığı'nı hangi savaşta yıktı?","1526 yılında Kanuni, Macaristan'a karşı Mohaç Zaferi'ni kazanarak Macar Krallığı'nı fiilen ortadan kaldırdı.",yükseliş
"Mohaç Meydan Muharebesi'nin tarihi ve sonucu nedir?","1526 yılında Kanuni, Macaristan'a karşı Mohaç Zaferi'ni kazanarak Macar Krallığı'nı fiilen ortadan kaldırdı.",yükseliş
"Macaristan hangi savaştan sonra Osmanlı egemenliğine girdi?","1526 yılında Kanuni, Macaristan'a karşı Mohaç Zaferi'ni kazanarak Macar Krallığı'nı fiilen ortadan kaldırdı.",yükseliş
"I. Viyana Kuşatması ne zaman yapıldı ve sonucu ne oldu?","1529 yılında Viyana Kuşatması gerçekleştirildi ancak başarısız oldu.",yükseliş
"Kanuni Sultan Süleyman Viyana'yı ilk ne zaman kuşattı?","1529 yılında Viyana Kuşatması gerçekleştirildi ancak başarısız oldu.",yükseliş
"I. Viyana Kuşatması'nın tarihi ve sonucu hakkında bilgi verir misin?","1529 yılında Viyana Kuşatması gerçekleştirildi ancak başarısız oldu.",yükseliş
"Viyana ilk kez ne zaman Osmanlılar tarafından kuşatıldı?","1529 yılında Viyana Kuşatması gerçekleştirildi ancak başarısız oldu.",yükseliş
"Preveze Deniz Zaferi ne zaman kazanıldı ve hangi devletlere karşı?","1538 yılında Preveze Deniz Zaferi ile Kutsal İttifak donanması ağır yenilgiye uğratıldı.",yükseliş
"Barbaros Hayreddin Paşa hangi deniz savaşında Andrea Doria komutasındaki Haçlı donanmasını yendi?","1538 yılında Preveze Deniz Zaferi ile Kutsal İttifak donanması ağır yenilgiye uğratıldı.",yükseliş
"Preveze Deniz Muharebesi'nin önemi nedir?","1538 yılında Preveze Deniz Zaferi ile Kutsal İttifak donanması ağır yenilgiye uğratıldı.",yükseliş
"Akdeniz'de Osmanlı üstünlüğünü pekiştiren zafer hangisidir ve ne zaman olmuştur?","1538 yılında Preveze Deniz Zaferi ile Kutsal İttifak donanması ağır yenilgiye uğratıldı.",yükseliş
"Fransızlara ticaret imtiyazları veren ahidname ne zaman imzalandı?","1536 yılında Fransızlara ticaret imtiyazları veren ahidname imzalandı.",yükseliş
"Osmanlı Devleti ilk kapitülasyonları hangi ülkeye ve ne zaman verdi?","1536 yılında Fransızlara ticaret imtiyazları veren ahidname imzalandı.",yükseliş
"Fransa'ya verilen ticaret ayrıcalıkları hangi yılda başladı?","1536 yılında Fransızlara ticaret imtiyazları veren ahidname imzalandı.",yükseliş
"Kanuni Sultan Süleyman döneminde Fransa'ya verilen imtiyazlar hakkında bilgi verir misin?","1536 yılında Fransızlara ticaret imtiyazları veren ahidname imzalandı.",yükseliş
"Amasya Antlaşması ne zaman imzalandı ve hangi iki devlet arasında yapıldı?","1555 yılında Osmanlı ile Safevi Devleti arasında Amasya Antlaşması imzalandı ve doğu sınırı belirlendi.",yükseliş
"Osmanlı-Safevi sınırını belirleyen ilk antlaşma hangisidir ve ne zaman yapılmıştır?","1555 yılında Osmanlı ile Safevi Devleti arasında Amasya Antlaşması imzalandı ve doğu sınırı belirlendi.",yükseliş
"Amasya Antlaşması'nın önemi nedir?","1555 yılında Osmanlı ile Safevi Devleti arasında Amasya Antlaşması imzalandı ve doğu sınırı belirlendi.",yükseliş
"1555 yılında imzalanan ve doğu sınırını çizen antlaşma hangisidir?","1555 yılında Osmanlı ile Safevi Devleti arasında Amasya Antlaşması imzalandı ve doğu sınırı belirlendi.",yükseliş
"Sokullu Mehmed Paşa'nın Astrahan Seferi nasıl sonuçlandı ve hangi yılda?","1569 yılında Sokollu Mehmed Paşa'nın Astrahan Seferi başarısız oldu ve Don-Volga Kanal Projesi terk edildi.",duraklama
"Osmanlıların Astrahan seferi hakkında bilgi verir misin?","1569 yılında Sokollu Mehmed Paşa'nın Astrahan Seferi başarısız oldu ve Don-Volga Kanal Projesi terk edildi.",duraklama
"Don-Volga Kanal Projesi hangi yılda başarısız oldu?","1569 yılında Sokollu Mehmed Paşa'nın Astrahan Seferi başarısız oldu ve Don-Volga Kanal Projesi terk edildi.",duraklama
"Astrahan'ı alma girişimi ne zaman yapıldı ve sonucu ne oldu?","1569 yılında Sokollu Mehmed Paşa'nın Astrahan Seferi başarısız oldu ve Don-Volga Kanal Projesi terk edildi.",duraklama
"İnebahtı Deniz Muharebesi'nde ne oldu ve hangi yılda?","1571 yılında İnebahtı Deniz Muharebesi'nde Osmanlı donanması ağır bir yenilgi aldı.",duraklama
"Osmanlı donanmasının İnebahtı'da yenilmesi hakkında bilgi verir misin?","1571 yılında İnebahtı Deniz Muharebesi'nde Osmanlı donanması ağır bir yenilgi aldı.",duraklama
"İnebahtı hezimeti hangi yılda gerçekleşti?","1571 yılında İnebahtı Deniz Muharebesi'nde Osmanlı donanması ağır bir yenilgi aldı.",duraklama
"1571 yılında Akdeniz'de Osmanlı hangi büyük yenilgiyi yaşadı?","1571 yılında İnebahtı Deniz Muharebesi'nde Osmanlı donanması ağır bir yenilgi aldı.",duraklama
"Kıbrıs hangi yılda fethedildi ve hangi padişah döneminde?","1571 yılında Kıbrıs'ın fethi tamamlandı (Mağusa'nın düşüşü).",duraklama
"Kıbrıs Seferi ne zaman başladı ve sonuçlandı?","1571 yılında Kıbrıs'ın fethi tamamlandı (Mağusa'nın düşüşü).",duraklama
"Kıbrıs'ın fethi hangi yılda tamamlandı?","1571 yılında Kıbrıs'ın fethi tamamlandı (Mağusa'nın düşüşü).",duraklama
"Lefkoşa ve Mağusa'nın fethi ile Kıbrıs ne zaman Osmanlı toprağı oldu?","1571 yılında Kıbrıs'ın fethi tamamlandı (Mağusa'nın düşüşü).",duraklama
"1580 yılında İstanbul Rasathanesi'ne ne oldu?","1580 yılında İstanbul Rasathanesi donanmayla topa tutularak yıktırıldı.",duraklama
"Takiyüddin'in rasathanesi hangi yılda yıkıldı ve neden?","1580 yılında İstanbul Rasathanesi donanmayla topa tutularak yıktırıldı.",duraklama
"Osmanlı'da bilim kurumlarının akıbeti hakkında bilgi verir misin?","1580 yılında İstanbul Rasathanesi donanmayla topa tutularak yıktırıldı.",duraklama
"Takiyüddin'in rasathanesi neden ve ne zaman yıktırıldı?","1580 yılında İstanbul Rasathanesi donanmayla topa tutularak yıktırıldı.",duraklama
"Köprülü Mehmed Paşa hangi göreve getirilerek Köprülüler Devri'ni başlattı ve hangi yılda?","1656 yılında Köprülü Mehmed Paşa sadrazamlığa getirilerek Köprülüler Devri başladı.",duraklama
"Köprülü Mehmed Paşa ne zaman sadrazam oldu?","1656 yılında Köprülü Mehmed Paşa sadrazamlığa getirilerek Köprülüler Devri başladı.",duraklama
"Osmanlı'da merkezi otoritenin yeniden tesis edilmesinde rol oynayan aile hangisidir?","1656 yılında Köprülü Mehmed Paşa sadrazamlığa getirilerek Köprülüler Devri başladı.",duraklama
"Köprülüler Devri ne zaman başladı?","1656 yılında Köprülü Mehmed Paşa sadrazamlığa getirilerek Köprülüler Devri başladı.",duraklama
"Girit'in fethi hangi yılda tamamlandı?","1669 yılında Kandiye'nin alınmasıyla Girit tamamen Osmanlı hakimiyetine girdi.",duraklama
"Girit ne zaman kesin olarak Osmanlı toprağı oldu?","1669 yılında Kandiye'nin alınmasıyla Girit tamamen Osmanlı hakimiyetine girdi.",duraklama
"Kandiye'nin fethi ile Girit'in fethi ne zaman tamamlandı?","1669 yılında Kandiye'nin alınmasıyla Girit tamamen Osmanlı hakimiyetine girdi.",duraklama
"1645-1669 Osmanlı-Venedik Savaşı hangi kalenin düşmesiyle sona erdi?","1669 yılında Kandiye'nin alınmasıyla Girit tamamen Osmanlı hakimiyetine girdi.",duraklama
"II. Viyana Kuşatması hangi yılda yapıldı ve nasıl sonuçlandı?","1683 yılında II. Viyana Kuşatması başarısız oldu ve Osmanlı ordusu ağır yenilgi aldı; bu olay Kutsal İttifak Savaşları'nı başlattı.",duraklama
"Osmanlı'nın Viyana'yı ikinci kez kuşatması hangi yılda oldu ve sonuçları nelerdir?","1683 yılında II. Viyana Kuşatması başarısız oldu ve Osmanlı ordusu ağır yenilgi aldı; bu olay Kutsal İttifak Savaşları'nı başlattı.",duraklama
"Merzifonlu Kara Mustafa Paşa'nın Viyana seferi ne zaman yapıldı ve nasıl bitti?","1683 yılında II. Viyana Kuşatması başarısız oldu ve Osmanlı ordusu ağır yenilgi aldı; bu olay Kutsal İttifak Savaşları'nı başlattı.",duraklama
"1683 Viyana Bozgunu Osmanlı için neden bir dönüm noktasıdır?","1683 yılında II. Viyana Kuşatması başarısız oldu ve Osmanlı ordusu ağır yenilgi aldı; bu olay Kutsal İttifak Savaşları'nı başlattı.",duraklama
"Karlofça Antlaşması ne zaman imzalandı ve hangi topraklar kaybedildi?","1699 yılında Karlofça Antlaşması ile Macaristan Avusturya'ya, Podolya Lehistan'a, Mora Venedik'e kaybedildi.",duraklama
"Osmanlı'nın ilk büyük toprak kaybı hangi antlaşma ile oldu ve hangi yılda?","1699 yılında Karlofça Antlaşması ile Macaristan Avusturya'ya, Podolya Lehistan'a, Mora Venedik'e kaybedildi.",duraklama
"Karlofça Antlaşması'nın Osmanlı İmparatorluğu için sonuçları nelerdir?","1699 yılında Karlofça Antlaşması ile Macaristan Avusturya'ya, Podolya Lehistan'a, Mora Venedik'e kaybedildi.",duraklama
"1699 yılında imzalanan ve Osmanlı'nın gerilemesini resmen başlatan antlaşma hangisidir?","1699 yılında Karlofça Antlaşması ile Macaristan Avusturya'ya, Podolya Lehistan'a, Mora Venedik'e kaybedildi.",duraklama
"Lale Devri hangi padişah döneminde ve hangi antlaşmadan sonra başladı?","1718 yılında Pasarofça Antlaşması'ndan sonra III. Ahmed döneminde Lale Devri başladı.",gerileme
"Pasarofça Antlaşması ne zaman imzalandı ve hangi dönemi başlattı?","1718 yılında Pasarofça Antlaşması ile Banat, Sırbistan'ın kuzeyi ve Eflak'ın batısı Avusturya'ya kaybedildi; bu antlaşma Lale Devri'ni başlattı.",gerileme
"1718'de imzalanan ve Osmanlı'yı Batı'ya yaklaştıran antlaşma hangisidir?","1718 yılında Pasarofça Antlaşması ile Banat, Sırbistan'ın kuzeyi ve Eflak'ın batısı Avusturya'ya kaybedildi; bu antlaşma Lale Devri'ni başlattı.",gerileme
"Lale Devri'nin başlangıcı olarak kabul edilen antlaşma nedir ve hangi yılda imzalanmıştır?","1718 yılında Pasarofça Antlaşması ile Banat, Sırbistan'ın kuzeyi ve Eflak'ın batısı Avusturya'ya kaybedildi; bu antlaşma Lale Devri'ni başlattı.",gerileme
"İbrahim Müteferrika tarafından ilk Türk matbaası ne zaman kuruldu?","1726 yılında İbrahim Müteferrika tarafından ilk Türk matbaası kuruldu (ilk kitap 1729'da basıldı).",gerileme
"Osmanlı'da matbaanın kuruluşu hakkında bilgi verir misin?","1726 yılında İbrahim Müteferrika tarafından ilk Türk matbaası kuruldu (ilk kitap 1729'da basıldı).",gerileme
"İlk Müslüman Türk matbaasını kim kurdu ve hangi yılda?","1726 yılında İbrahim Müteferrika tarafından ilk Türk matbaası kuruldu (ilk kitap 1729'da basıldı).",gerileme
"Matbaa Osmanlı'ya ne zaman ve kim tarafından getirildi?","1726 yılında İbrahim Müteferrika tarafından ilk Türk matbaası kuruldu (ilk kitap 1729'da basıldı).",gerileme
"Patrona Halil İsyanı hangi yılda oldu ve hangi padişah tahttan indirildi?","1730 yılında Patrona Halil İsyanı ile III. Ahmed tahttan indirildi ve Lale Devri sona erdi.",gerileme
"Lale Devri'nin sonu hangi isyanla geldi ve hangi padişah devrildi?","1730 yılında Patrona Halil İsyanı ile III. Ahmed tahttan indirildi ve Lale Devri sona erdi.",gerileme
"1730 yılında Patrona Halil İsyanı sonucunda ne oldu?","1730 yılında Patrona Halil İsyanı ile III. Ahmed tahttan indirildi ve Lale Devri sona erdi.",gerileme
"Patrona Halil İsyanı'nın sonuçları hakkında bilgi verir misin?","1730 yılında Patrona Halil İsyanı ile III. Ahmed tahttan indirildi ve Lale Devri sona erdi.",gerileme
"Küçük Kaynarca Antlaşması ne zaman imzalandı ve Kırım'ın statüsü ne oldu?","1774 yılında Küçük Kaynarca Antlaşması ile Kırım Hanlığı bağımsız oldu; Rusya, Osmanlı'daki Ortodoksların koruyucusu haline geldi.",gerileme
"Osmanlı-Rus Savaşı'nı bitiren ve Kırım'ın bağımsızlığını sağlayan antlaşma hangisidir?","1774 yılında Küçük Kaynarca Antlaşması ile Kırım Hanlığı bağımsız oldu; Rusya, Osmanlı'daki Ortodoksların koruyucusu haline geldi.",gerileme
"Küçük Kaynarca Antlaşması'nın Osmanlı için önemi nedir?","1774 yılında Küçük Kaynarca Antlaşması ile Kırım Hanlığı bağımsız oldu; Rusya, Osmanlı'daki Ortodoksların koruyucusu haline geldi.",gerileme
"Rusya ilk kez hangi antlaşmayla Osmanlı iç işlerine karışma hakkı kazandı?","1774 yılında Küçük Kaynarca Antlaşması ile Kırım Hanlığı bağımsız oldu; Rusya, Osmanlı'daki Ortodoksların koruyucusu haline geldi.",gerileme
"1798 yılında Napolyon Bonapart hangi Osmanlı toprağını işgal etti?","1798 yılında Napolyon Bonapart Mısır'ı işgal ederek Osmanlı topraklarına saldırdı.",gerileme
"Napolyon'un Mısır Seferi ne zaman oldu?","1798 yılında Napolyon Bonapart Mısır'ı işgal ederek Osmanlı topraklarına saldırdı.",gerileme
"Fransızların Mısır'ı işgali hangi yılda gerçekleşti?","1798 yılında Napolyon Bonapart Mısır'ı işgal ederek Osmanlı topraklarına saldırdı.",gerileme
"Napolyon'un Osmanlı topraklarına saldırısı ne zaman oldu?","1798 yılında Napolyon Bonapart Mısır'ı işgal ederek Osmanlı topraklarına saldırdı.",gerileme
"Sırp İsyanı ne zaman başladı?","1804 yılında Sırp İsyanı başlayarak Balkanlar'da milliyetçi hareketleri başlattı.",gerileme
"Osmanlı'da ilk bağımsızlık hareketi hangi yılda patlak verdi?","1804 yılında Sırp İsyanı başlayarak Balkanlar'da milliyetçi hareketleri başlattı.",gerileme
"1804 yılında Balkanlar'da Osmanlı yönetimine karşı ilk büyük milliyetçi ayaklanma hangi millet tarafından başlatıldı?","1804 yılında Sırp İsyanı başlayarak Balkanlar'da milliyetçi hareketleri başlattı.",gerileme
"Sırpların Osmanlı'ya karşı ilk isyanı hangi yılda oldu?","1804 yılında Sırp İsyanı başlayarak Balkanlar'da milliyetçi hareketleri başlattı.",gerileme
"Yunan İsyanı ne zaman patlak verdi?","1821 yılında Yunan İsyanı başlayarak Mora'da Osmanlı egemenliğine karşı büyük bir ayaklanma başlattı.",gerileme
"1821 yılında hangi Balkan milleti Osmanlı'ya karşı bağımsızlık savaşı başlattı?","1821 yılında Yunan İsyanı başlayarak Mora'da Osmanlı egemenliğine karşı büyük bir ayaklanma başlattı.",gerileme
"Mora'da Osmanlı egemenliğine karşı ayaklanma hangi yılda oldu?","1821 yılında Yunan İsyanı başlayarak Mora'da Osmanlı egemenliğine karşı büyük bir ayaklanma başlattı.",gerileme
"Yunanistan'ın bağımsızlık mücadelesi ne zaman başladı?","1821 yılında Yunan İsyanı başlayarak Mora'da Osmanlı egemenliğine karşı büyük bir ayaklanma başlattı.",gerileme
"Vaka-i Hayriye olarak bilinen olay nedir ve hangi yılda gerçekleşti?","1826 yılında Vaka-i Hayriye ile Yeniçeri Ocağı kaldırıldı ve yerine Asakir-i Mansure-i Muhammediyye kuruldu.",gerileme
"Yeniçeri Ocağı hangi padişah döneminde ve hangi olayla kaldırıldı?","1826 yılında Vaka-i Hayriye ile Yeniçeri Ocağı kaldırıldı ve yerine Asakir-i Mansure-i Muhammediyye kuruldu.",gerileme
"1826 yılında II. Mahmud hangi askeri ocağı kaldırdı?","1826 yılında Vaka-i Hayriye ile Yeniçeri Ocağı kaldırıldı ve yerine Asakir-i Mansure-i Muhammediyye kuruldu.",gerileme
"Vaka-i Hayriye'nin tarihi ve sonuçları nelerdir?","1826 yılında Vaka-i Hayriye ile Yeniçeri Ocağı kaldırıldı ve yerine Asakir-i Mansure-i Muhammediyye kuruldu.",gerileme
"Navarin Deniz Muharebesi'nde Osmanlı-Mısır donanması hangi devletler tarafından yakıldı ve hangi yılda?","1827 yılında Navarin Deniz Muharebesi'nde İngiliz, Fransız ve Rus donanmaları Osmanlı-Mısır donanmasını yaktı.",gerileme
"Navarin Baskını ne zaman oldu?","1827 yılında Navarin Deniz Muharebesi'nde İngiliz, Fransız ve Rus donanmaları Osmanlı-Mısır donanmasını yaktı.",gerileme
"İngiltere, Fransa ve Rusya'nın ortak harekatı hangi yılda gerçekleşti?","1827 yılında Navarin Deniz Muharebesi'nde İngiliz, Fransız ve Rus donanmaları Osmanlı-Mısır donanmasını yaktı.",gerileme
"Navarin'de Osmanlı donanması ne zaman yakıldı?","1827 yılında Navarin Deniz Muharebesi'nde İngiliz, Fransız ve Rus donanmaları Osmanlı-Mısır donanmasını yaktı.",gerileme
"Cezayir ne zaman Fransız işgaline uğradı?","1830 yılında Fransa, Cezayir'i işgal ederek Osmanlı toprağı olmaktan çıkardı.",gerileme
"1830 yılında hangi Kuzey Afrika vilayeti Fransa tarafından işgal edildi?","1830 yılında Fransa, Cezayir'i işgal ederek Osmanlı toprağı olmaktan çıkardı.",gerileme
"Osmanlı'nın Cezayir'i kaybı hangi yılda oldu?","1830 yılında Fransa, Cezayir'i işgal ederek Osmanlı toprağı olmaktan çıkardı.",gerileme
"Fransa Cezayir'i hangi yılda işgal etti?","1830 yılında Fransa, Cezayir'i işgal ederek Osmanlı toprağı olmaktan çıkardı.",gerileme
"Takvim-i Vekayi adlı ilk Osmanlı gazetesi ne zaman yayınlandı?","1831 yılında Takvim-i Vekayi adlı ilk Osmanlı gazetesi yayınlandı.",gerileme
"İlk Osmanlı gazetesi hangisiydi ve ne zaman çıkarıldı?","1831 yılında Takvim-i Vekayi adlı ilk Osmanlı gazetesi yayınlandı.",gerileme
"Osmanlı'da resmi gazetenin yayın hayatına başlaması hakkında bilgi verir misin?","1831 yılında Takvim-i Vekayi adlı ilk Osmanlı gazetesi yayınlandı.",gerileme
"Takvim-i Vekayi hangi tarihte yayın hayatına başladı?","1831 yılında Takvim-i Vekayi adlı ilk Osmanlı gazetesi yayınlandı.",gerileme
"Tanzimat Fermanı ne zaman ilan edildi ve önemi nedir?","1839 yılında Tanzimat Fermanı ilan edilerek can ve mal güvenliği, vergide eşitlik gibi ilkeler getirildi.",çöküş
"1839 yılında ilan edilen ve Osmanlı'da hukukun üstünlüğünü başlatan ferman hangisidir?","1839 yılında Tanzimat Fermanı ilan edilerek can ve mal güvenliği, vergide eşitlik gibi ilkeler getirildi.",çöküş
"Tanzimat Fermanı'nın getirdiği yenilikler nelerdir?","1839 yılında Tanzimat Fermanı ilan edilerek can ve mal güvenliği, vergide eşitlik gibi ilkeler getirildi.",çöküş
"Osmanlı'da modernleşme hareketlerinin başlangıcı sayılan ferman hangisidir ve ne zaman çıkarılmıştır?","1839 yılında Tanzimat Fermanı ilan edilerek can ve mal güvenliği, vergide eşitlik gibi ilkeler getirildi.",çöküş
"Islahat Fermanı ne zaman ilan edildi ve hangi hakları getirdi?","1856 yılında Islahat Fermanı ilan edilerek gayrimüslimlere eşit haklar tanındı ve cizye kaldırıldı.",çöküş
"1856 yılında ilan edilen Islahat Fermanı ile hangi haklar tanındı?","1856 yılında Islahat Fermanı ilan edilerek gayrimüslimlere eşit haklar tanındı ve cizye kaldırıldı.",çöküş
"Gayrimüslimlere eşitlik getiren ferman hangisidir?","1856 yılında Islahat Fermanı ilan edilerek gayrimüslimlere eşit haklar tanındı ve cizye kaldırıldı.",çöküş
"Islahat Fermanı'nın Osmanlı'daki azınlıklara etkisi nedir?","1856 yılında Islahat Fermanı ilan edilerek gayrimüslimlere eşit haklar tanındı ve cizye kaldırıldı.",çöküş
"Kırım Savaşı hangi yıllar arasında yapıldı ve Osmanlı hangi devletlerle ittifak yaptı?","1853-1856 Kırım Savaşı'nda Osmanlı, İngiltere, Fransa ve Sardinya ile birlikte Rusya'ya karşı savaştı.",çöküş
"Kırım Savaşı ne zaman yapıldı ve Osmanlı'nın yanında kimler savaştı?","1853-1856 Kırım Savaşı'nda Osmanlı, İngiltere, Fransa ve Sardinya ile birlikte Rusya'ya karşı savaştı.",çöküş
"Osmanlı'nın Rusya'ya karşı İngiltere ve Fransa ile ittifakı hangi savaştadır?","1853-1856 Kırım Savaşı'nda Osmanlı, İngiltere, Fransa ve Sardinya ile birlikte Rusya'ya karşı savaştı.",çöküş
"Kırım Savaşı'nın müttefikleri hangileridir?","1853-1856 Kırım Savaşı'nda Osmanlı, İngiltere, Fransa ve Sardinya ile birlikte Rusya'ya karşı savaştı.",çöküş
"Osmanlı maliyesi iflasını ne zaman ilan etti?","1875 yılında Osmanlı maliyesi iflasını ilan etti; bu durum 1881'de Düyun-ı Umumiye İdaresi'nin kurulmasına yol açtı.",çöküş
"1875 yılında Osmanlı'da ne oldu?","1875 yılında Osmanlı maliyesi iflasını ilan etti; bu durum 1881'de Düyun-ı Umumiye İdaresi'nin kurulmasına yol açtı.",çöküş
"Düyun-ı Umumiye İdaresi'nin kurulmasına yol açan olay nedir?","1875 yılında Osmanlı maliyesi iflasını ilan etti; bu durum 1881'de Düyun-ı Umumiye İdaresi'nin kurulmasına yol açtı.",çöküş
"Osmanlı Devleti'nin iflası hangi yılda gerçekleşti?","1875 yılında Osmanlı maliyesi iflasını ilan etti; bu durum 1881'de Düyun-ı Umumiye İdaresi'nin kurulmasına yol açtı.",çöküş
"I. Meşrutiyet hangi padişah döneminde ve ne zaman ilan edildi?","1876 yılında II. Abdülhamid döneminde I. Meşrutiyet ilan edildi ve Kanun-u Esasi yürürlüğe girdi.",çöküş
"Kanun-u Esasi hangi yılda ilan edildi ve hangi padişah döneminde?","1876 yılında II. Abdülhamid döneminde I. Meşrutiyet ilan edildi ve Kanun-u Esasi yürürlüğe girdi.",çöküş
"Osmanlı'da anayasal monarşiye geçiş hangi yılda oldu?","1876 yılında II. Abdülhamid döneminde I. Meşrutiyet ilan edildi ve Kanun-u Esasi yürürlüğe girdi.",çöküş
"I. Meşrutiyet hakkında bilgi verir misin?","1876 yılında II. Abdülhamid döneminde I. Meşrutiyet ilan edildi ve Kanun-u Esasi yürürlüğe girdi.",çöküş
"93 Harbi olarak bilinen savaş hangi yıllar arasında yapıldı ve hangi antlaşma ile sona erdi?","1877-1878 Osmanlı-Rus Savaşı (93 Harbi), 1878 yılında Ayastefanos Antlaşması ile sona erdi.",çöküş
"Ayastefanos Antlaşması ne zaman imzalandı ve hangi savaşı bitirdi?","1877-1878 Osmanlı-Rus Savaşı (93 Harbi), 1878 yılında Ayastefanos Antlaşması ile sona erdi.",çöküş
"1878 yılında imzalanan ve büyük Bulgaristan'ın kurulmasını öngören antlaşma hangisidir?","1877-1878 Osmanlı-Rus Savaşı (93 Harbi), 1878 yılında Ayastefanos Antlaşması ile sona erdi.",çöküş
"93 Harbi'nin sonunda imzalanan antlaşma hangisidir ve sonuçları nelerdir?","1877-1878 Osmanlı-Rus Savaşı (93 Harbi), 1878 yılında Ayastefanos Antlaşması ile sona erdi.",çöküş
"Berlin Antlaşması ne zaman imzalandı ve hangi devletler bağımsız oldu?","1878 yılında Berlin Antlaşması ile Sırbistan, Karadağ ve Romanya bağımsız oldu; Bosna-Hersek Avusturya-Macaristan'a bırakıldı.",çöküş
"Berlin Kongresi sonucunda hangi iki devlet bağımsızlık kazandı?","1878 yılında Berlin Antlaşması ile Sırbistan, Karadağ ve Romanya bağımsız oldu; Bosna-Hersek Avusturya-Macaristan'a bırakıldı.",çöküş
"Sırbistan, Karadağ ve Romanya'nın bağımsızlığı hangi yılda tanındı?","1878 yılında Berlin Antlaşması ile Sırbistan, Karadağ ve Romanya bağımsız oldu; Bosna-Hersek Avusturya-Macaristan'a bırakıldı.",çöküş
"1878 Berlin Kongresi'nin sonuçları nelerdir?","1878 yılında Berlin Antlaşması ile Sırbistan, Karadağ ve Romanya bağımsız oldu; Bosna-Hersek Avusturya-Macaristan'a bırakıldı.",çöküş
"Kıbrıs hangi yılda İngiliz idaresine girdi?","1878 yılında Kıbrıs'ın yönetimi İngiltere'ye devredildi.",çöküş
"1878 yılında hangi ada İngiltere tarafından geçici olarak yönetilmeye başlandı?","1878 yılında Kıbrıs'ın yönetimi İngiltere'ye devredildi.",çöküş
"Kıbrıs ne zaman İngiliz idaresine girdi?","1878 yılında Kıbrıs'ın yönetimi İngiltere'ye devredildi.",çöküş
"1878 Berlin Kongresi sonrası İngiltere'nin yönetimini devraldığı ada hangisidir?","1878 yılında Kıbrıs'ın yönetimi İngiltere'ye devredildi.",çöküş
"Tunus hangi yılda ve hangi devlet tarafından işgal edildi?","1881 yılında Fransa Tunus'u işgal etti.",çöküş
"Osmanlı'nın Tunus'u kaybı hangi yılda oldu?","1881 yılında Fransa Tunus'u işgal etti.",çöküş
"Fransa Tunus'u ne zaman işgal etti?","1881 yılında Fransa Tunus'u işgal etti.",çöküş
"1881 yılında Tunus hangi devlet tarafından işgal edildi?","1881 yılında Fransa Tunus'u işgal etti.",çöküş
"Mısır hangi yılda ve hangi devlet tarafından işgal edildi?","1882 yılında İngiltere Mısır'ı işgal etti (Mısır, 1914'e kadar de jure Osmanlı toprağı olarak kaldı).",çöküş
"İngiltere'nin Mısır'ı işgali hangi yılda gerçekleşti?","1882 yılında İngiltere Mısır'ı işgal etti (Mısır, 1914'e kadar de jure Osmanlı toprağı olarak kaldı).",çöküş
"Mısır ne zaman İngiliz işgaline uğradı?","1882 yılında İngiltere Mısır'ı işgal etti (Mısır, 1914'e kadar de jure Osmanlı toprağı olarak kaldı).",çöküş
"1882 yılında Mısır hangi devlet tarafından işgal edildi?","1882 yılında İngiltere Mısır'ı işgal etti (Mısır, 1914'e kadar de jure Osmanlı toprağı olarak kaldı).",çöküş
"Hamidiye Katliamları olarak bilinen olaylar hangi yıllar arasında yaşandı?","1894-1896 yılları arasında Hamidiye Katliamları olarak bilinen olaylarda 100.000-300.000 arasında Ermeni hayatını kaybetti.",çöküş
"1894-1896 yılları arasında Osmanlı topraklarında yaşanan ve Hamidiye Katliamları olarak bilinen olaylar hangi etnik gruba yönelikti?","1894-1896 yılları arasında Hamidiye Katliamları olarak bilinen olaylarda 100.000-300.000 arasında Ermeni hayatını kaybetti.",çöküş
"II. Abdülhamid dönemindeki Ermeni olayları hakkında bilgi verir misin?","1894-1896 yılları arasında Hamidiye Katliamları olarak bilinen olaylarda 100.000-300.000 arasında Ermeni hayatını kaybetti.",çöküş
"Hamidiye Katliamları ne zaman ve kime karşı yapıldı?","1894-1896 yılları arasında Hamidiye Katliamları olarak bilinen olaylarda 100.000-300.000 arasında Ermeni hayatını kaybetti.",çöküş
"II. Meşrutiyet ne zaman ilan edildi ve hangi olayla tetiklendi?","1908 yılında Jön Türk Devrimi ile II. Meşrutiyet ilan edildi ve 1876 Anayasası yeniden yürürlüğe kondu.",çöküş
"1908 yılında ilan edilen meşrutiyet hangisidir ve önemi nedir?","1908 yılında Jön Türk Devrimi ile II. Meşrutiyet ilan edildi ve 1876 Anayasası yeniden yürürlüğe kondu.",çöküş
"Jön Türk Devrimi hangi yılda oldu ve sonucunda ne ilan edildi?","1908 yılında Jön Türk Devrimi ile II. Meşrutiyet ilan edildi ve 1876 Anayasası yeniden yürürlüğe kondu.",çöküş
"II. Meşrutiyet'in ilanı hakkında bilgi verir misin?","1908 yılında Jön Türk Devrimi ile II. Meşrutiyet ilan edildi ve 1876 Anayasası yeniden yürürlüğe kondu.",çöküş
"Trablusgarp Savaşı sonucunda Osmanlı hangi toprağını İtalya'ya kaybetti ve hangi yılda?","1912 yılında Uşi Antlaşması ile Osmanlı, Trablusgarp (Libya) ve On İki Ada'yı İtalya'ya bıraktı.",çöküş
"Libya ne zaman İtalya tarafından işgal edildi?","1912 yılında Uşi Antlaşması ile Osmanlı, Trablusgarp (Libya) ve On İki Ada'yı İtalya'ya bıraktı.",çöküş
"Uşi Antlaşması hangi yılda imzalandı ve ne kaybedildi?","1912 yılında Uşi Antlaşması ile Osmanlı, Trablusgarp (Libya) ve On İki Ada'yı İtalya'ya bıraktı.",çöküş
"1911-1912 Trablusgarp Savaşı sonucunda Osmanlı hangi topraklarını kaybetti?","1912 yılında Uşi Antlaşması ile Osmanlı, Trablusgarp (Libya) ve On İki Ada'yı İtalya'ya bıraktı.",çöküş
"Balkan Savaşları sonucunda Osmanlı hangi başkentini kaybetti ve ne zaman geri aldı?","1912-1913 Balkan Savaşları'nda Osmanlı, Edirne dahil Balkan topraklarının çoğunu kaybetti; sonrasında Edirne geri alındı.",çöküş
"Edirne ne zaman Bulgarların eline geçti?","1912-1913 Balkan Savaşları'nda Osmanlı, Edirne dahil Balkan topraklarının çoğunu kaybetti; sonrasında Edirne geri alındı.",çöküş
"Balkan Savaşları sonucu Osmanlı'nın elinde kalan Avrupa toprakları nerelerdir?","1912-1913 Balkan Savaşları'nda Osmanlı, Edirne dahil Balkan topraklarının çoğunu kaybetti; sonrasında Edirne geri alındı.",çöküş
"I. Balkan Savaşı'nda Edirne hangi devletin eline geçti?","1912-1913 Balkan Savaşları'nda Osmanlı, Edirne dahil Balkan topraklarının çoğunu kaybetti; sonrasında Edirne geri alındı.",çöküş
"Osmanlı Devleti I. Dünya Savaşı'na hangi yılda ve hangi tarafta girdi?","1914 yılında Osmanlı, Almanya ile gizli ittifak imzalayarak İttifak Devletleri yanında I. Dünya Savaşı'na girdi.",çöküş
"Osmanlı-Alman İttifakı ne zaman imzalandı?","1914 yılında Osmanlı, Almanya ile gizli ittifak imzalayarak İttifak Devletleri yanında I. Dünya Savaşı'na girdi.",çöküş
"Osmanlı Devleti hangi devletlerle ittifak yaparak I. Dünya Savaşı'na girdi?","1914 yılında Osmanlı, Almanya ile gizli ittifak imzalayarak İttifak Devletleri yanında I. Dünya Savaşı'na girdi.",çöküş
"I. Dünya Savaşı'nda Osmanlı'nın yanında hangi devletler vardı?","1914 yılında Osmanlı, Almanya ile gizli ittifak imzalayarak İttifak Devletleri yanında I. Dünya Savaşı'na girdi.",çöküş
"Çanakkale Savaşı hangi yılda yapıldı ve hangi komutan ün kazandı?","1915 yılında Çanakkale Savaşı'nda Mustafa Kemal (Atatürk) büyük bir zafer kazanarak ün kazandı.",çöküş
"1915 yılındaki Çanakkale Zaferi'nin önemi nedir ve kim öne çıktı?","1915 yılında Çanakkale Savaşı'nda Mustafa Kemal (Atatürk) büyük bir zafer kazanarak ün kazandı.",çöküş
"Mustafa Kemal'in Anafartalar Kahramanı olarak tanındığı savaş hangisidir ve ne zaman olmuştur?","1915 yılında Çanakkale Savaşı'nda Mustafa Kemal (Atatürk) büyük bir zafer kazanarak ün kazandı.",çöküş
"Çanakkale Savaşı'nın kazanılmasında en büyük pay sahibi olan komutan kimdir?","1915 yılında Çanakkale Savaşı'nda Mustafa Kemal (Atatürk) büyük bir zafer kazanarak ün kazandı.",çöküş
"Tehcir Kanunu ne zaman çıkarıldı ve hangi grubun zorunlu göçüne neden oldu?","1915 yılında Tehcir Kanunu ile Doğu Anadolu'daki Ermeni nüfus Suriye ve Irak'a zorunlu göçe tabi tutuldu.",çöküş
"1915 yılında çıkarılan Tehcir Kanunu hangi grubun zorunlu göçüne neden oldu?","1915 yılında Tehcir Kanunu ile Doğu Anadolu'daki Ermeni nüfus Suriye ve Irak'a zorunlu göçe tabi tutuldu.",çöküş
"Tehcir Kanunu hakkında bilgi verir misin?","1915 yılında Tehcir Kanunu ile Doğu Anadolu'daki Ermeni nüfus Suriye ve Irak'a zorunlu göçe tabi tutuldu.",çöküş
"Ermenilerin zorunlu göçü hangi yılda ve hangi kanunla başladı?","1915 yılında Tehcir Kanunu ile Doğu Anadolu'daki Ermeni nüfus Suriye ve Irak'a zorunlu göçe tabi tutuldu.",çöküş
"Arap İsyanı ne zaman başladı ve hangi devlet tarafından desteklendi?","1916 yılında Arap İsyanı başladı; İngiltere tarafından desteklenen Şerif Hüseyin önderliğindeki isyan, Osmanlı'nın Arap topraklarındaki kontrolünü zayıflattı.",çöküş
"Osmanlı'nın Ortadoğu'daki hakimiyetini sarsan isyan hangisidir ve ne zaman olmuştur?","1916 yılında Arap İsyanı başladı; İngiltere tarafından desteklenen Şerif Hüseyin önderliğindeki isyan, Osmanlı'nın Arap topraklarındaki kontrolünü zayıflattı.",çöküş
"1916 yılında başlayan Arap İsyanı hangi devlet tarafından desteklendi?","1916 yılında Arap İsyanı başladı; İngiltere tarafından desteklenen Şerif Hüseyin önderliğindeki isyan, Osmanlı'nın Arap topraklarındaki kontrolünü zayıflattı.",çöküş
"Şerif Hüseyin önderliğindeki Arap İsyanı ne zaman başladı?","1916 yılında Arap İsyanı başladı; İngiltere tarafından desteklenen Şerif Hüseyin önderliğindeki isyan, Osmanlı'nın Arap topraklarındaki kontrolünü zayıflattı.",çöküş
"Mondros Mütarekesi ne zaman imzalandı ve Osmanlı'nın durumu ne oldu?","30 Ekim 1918'de Mondros Mütarekesi imzalanarak Osmanlı Devleti fiilen teslim oldu.",çöküş
"I. Dünya Savaşı'nda Osmanlı'nın teslim olduğu antlaşma hangisidir ve tarihi nedir?","30 Ekim 1918'de Mondros Mütarekesi imzalanarak Osmanlı Devleti fiilen teslim oldu.",çöküş
"Mondros Ateşkes Antlaşması'nın imza tarihi ve Osmanlı için sonuçları nelerdir?","30 Ekim 1918'de Mondros Mütarekesi imzalanarak Osmanlı Devleti fiilen teslim oldu.",çöküş
"30 Ekim 1918'de imzalanan ve Osmanlı'nın fiilen sonunu getiren antlaşma hangisidir?","30 Ekim 1918'de Mondros Mütarekesi imzalanarak Osmanlı Devleti fiilen teslim oldu.",çöküş
"Mustafa Kemal Atatürk Samsun'a ne zaman çıkarak Kurtuluş Savaşı'nı başlattı?","1919 yılında Mustafa Kemal Atatürk, 19 Mayıs'ta Samsun'a çıkarak Türk Kurtuluş Savaşı'nı başlattı.",çöküş
"1919 yılında Yunanistan'ın İzmir'i işgali üzerine Anadolu'da hangi lider milli mücadeleyi başlattı?","1919 yılında Mustafa Kemal Atatürk, 19 Mayıs'ta Samsun'a çıkarak Türk Kurtuluş Savaşı'nı başlattı.",çöküş
"Türk Kurtuluş Savaşı'nı başlatan olay nedir ve tarihi?","1919 yılında Mustafa Kemal Atatürk, 19 Mayıs'ta Samsun'a çıkarak Türk Kurtuluş Savaşı'nı başlattı.",çöküş
"Atatürk hangi tarihte Samsun'a çıktı?","1919 yılında Mustafa Kemal Atatürk, 19 Mayıs'ta Samsun'a çıkarak Türk Kurtuluş Savaşı'nı başlattı.",çöküş
"Sevr Antlaşması ne zaman imzalandı ve Osmanlı için ne öngörüyordu?","10 Ağustos 1920'de imzalanan Sevr Antlaşması, Osmanlı'nı küçük bir Anadolu devletine indirgeyen ağır bir barış antlaşmasıydı; ancak uygulanamadı.",çöküş
"Osmanlı'nın imzaladığı ancak yürürlüğe girmeyen ağır barış antlaşması hangisidir ve ne zaman imzalanmıştır?","10 Ağustos 1920'de imzalanan Sevr Antlaşması, Osmanlı'nı küçük bir Anadolu devletine indirgeyen ağır bir barış antlaşmasıydı; ancak uygulanamadı.",çöküş
"Sevr Antlaşması'nın Osmanlı Devleti'ne getirdiği şartlar nelerdir?","10 Ağustos 1920'de imzalanan Sevr Antlaşması, Osmanlı'nı küçük bir Anadolu devletine indirgeyen ağır bir barış antlaşmasıydı; ancak uygulanamadı.",çöküş
"10 Ağustos 1920'de imzalanan ve Türk milleti tarafından kabul edilmeyen antlaşma hangisidir?","10 Ağustos 1920'de imzalanan Sevr Antlaşması, Osmanlı'nı küçük bir Anadolu devletine indirgeyen ağır bir barış antlaşmasıydı; ancak uygulanamadı.",çöküş
"Büyük Taarruz ne zaman yapıldı ve sonucunda ne oldu?","1922 yılında Büyük Taarruz (Ağustos) ile Yunan ordusu kesin yenilgiye uğratıldı ve 9 Eylül'de İzmir kurtarıldı.",çöküş
"Yunan ordusu Anadolu'dan hangi savaşın ardından çekildi ve hangi yılda?","1922 yılında Büyük Taarruz (Ağustos) ile Yunan ordusu kesin yenilgiye uğratıldı ve 9 Eylül'de İzmir kurtarıldı.",çöküş
"Başkomutanlık Meydan Muharebesi hangi yılda kazanıldı?","1922 yılında Büyük Taarruz (Ağustos) ile Yunan ordusu kesin yenilgiye uğratıldı ve 9 Eylül'de İzmir kurtarıldı.",çöküş
"İzmir'in kurtuluşu hangi tarihte gerçekleşti?","1922 yılında Büyük Taarruz (Ağustos) ile Yunan ordusu kesin yenilgiye uğratıldı ve 9 Eylül'de İzmir kurtarıldı.",çöküş
"Saltanat hangi yılda ve hangi kurum tarafından kaldırıldı?","1 Kasım 1922'de TBMM, saltanatı kaldırarak Osmanlı Devleti'nin siyasi varlığına son verdi.",çöküş
"Osmanlı padişahlığına hangi tarihte son verildi ve kararı kim aldı?","1 Kasım 1922'de TBMM, saltanatı kaldırarak Osmanlı Devleti'nin siyasi varlığına son verdi.",çöküş
"1 Kasım 1922'de Türkiye Büyük Millet Meclisi hangi kurumu kaldırdı?","1 Kasım 1922'de TBMM, saltanatı kaldırarak Osmanlı Devleti'nin siyasi varlığına son verdi.",çöküş
"Saltanatın kaldırılması olayı hakkında bilgi verir misin?","1 Kasım 1922'de TBMM, saltanatı kaldırarak Osmanlı Devleti'nin siyasi varlığına son verdi.",çöküş
"Cumhuriyet ne zaman ilan edildi?","29 Ekim 1923'te Türkiye Cumhuriyeti ilan edildi.",çöküş
"Türkiye Cumhuriyeti'nin kuruluş tarihi nedir?","29 Ekim 1923'te Türkiye Cumhuriyeti ilan edildi.",çöküş
"Cumhuriyetin ilanı hangi yılda gerçekleşti?","29 Ekim 1923'te Türkiye Cumhuriyeti ilan edildi.",çöküş
"29 Ekim 1923'te ne ilan edildi?","29 Ekim 1923'te Türkiye Cumhuriyeti ilan edildi.",çöküş
"Hilafet hangi yılda kaldırıldı ve Osmanlı Hanedanı'na ne oldu?","3 Mart 1924'te TBMM, halifeliği kaldırarak Osmanlı Hanedanı'nı sürgüne gönderdi.",çöküş
"Osmanlı Hanedanı'nın Türkiye'den sürgün edilmesi hangi tarihte oldu ve neden?","3 Mart 1924'te TBMM, halifeliği kaldırarak Osmanlı Hanedanı'nı sürgüne gönderdi.",çöküş
"Halifelik ne zaman kaldırıldı ve hangi kurum tarafından?","3 Mart 1924'te TBMM, halifeliği kaldırarak Osmanlı Hanedanı'nı sürgüne gönderdi.",çöküş
"Son halife Abdülmecid Efendi hangi tarihte sürgüne gönderildi?","3 Mart 1924'te TBMM, halifeliği kaldırarak Osmanlı Hanedanı'nı sürgüne gönderdi.",çöküş